"","age","stems_n","basal_area","basal_area_prop","dbh","height","height_rel","crown_length","crown_width","volume","volume_mai","volume_change","volume_cum","var_2_14","var_2_15"
"1",0,2900,0.553762219971001,1,1.55925706972943,5.66365463726999,1,4.20910905562516,2.68275094465908,0.632911392405063,Inf,0,0.632911392405063,0,0
"2",0.0833333333333333,2900,0.562437205930137,1,1.57142291321032,5.68454984981684,1,4.21015284116337,2.68273304458051,0.644166137289213,7.72999364747056,0.0112547448841502,0.644166137289213,0,0
"3",0.166666666666667,2900,0.562437205930137,1,1.57142291321032,5.68454984981684,1,4.21015284116337,2.68273304458051,0.688177720124442,4.12906632074665,0.0440115828352288,0.688177720124442,0,0
"4",0.25,2900,0.56971982288149,1,1.58156383522385,5.70190223895576,1,4.21101693466762,2.68271822952273,0.741677805422022,2.96671122168809,0.0535000852975793,0.741677805422022,0,0
"5",0.333333333333333,2900,0.580180121966574,1,1.59601688939799,5.72653235764284,1,4.21223923396654,2.68269727828461,0.800168820647537,2.40050646194261,0.0584910152255159,0.800168820647537,0,0
"6",0.416666666666667,2900,0.587335402908291,1,1.6058284583399,5.74318588784292,1,4.2130629100858,2.68268316330389,0.853758938471226,2.04902145233094,0.0535901178236886,0.853758938471226,0,0
"7",0.5,2900,0.838467240694723,1,1.91866480844515,6.24854965190111,1,4.23705444635158,2.68227326940029,1.33999713567635,2.6799942713527,0.486238197205123,1.33999713567635,0,0
"8",0.583333333333333,2900,1.20278401102167,1,2.29799925453005,6.80618069487784,1,4.26151154625764,2.68185786732044,2.1076120669421,3.61304925761502,0.767614931265747,2.1076120669421,0,0
"9",0.666666666666667,2900,1.63465952628898,1,2.67898150408555,7.31929677466575,1,4.28241786335003,2.68150471124583,3.10863042796626,4.66294564194939,1.00101836102416,3.10863042796626,0,0
"10",0.75,2900,1.89920333968017,1,2.88763164814574,7.58407631623574,1,4.29267677748306,2.68133206146388,3.8279233104892,5.10389774731894,0.719292882522947,3.8279233104892,0,0
"11",0.833333333333333,2900,2.0691133429424,1,3.01403437412008,7.73960511983484,1,4.29854808429572,2.68123344233938,4.37153253591885,5.24583904310262,0.54360922542965,4.37153253591885,0,0
"12",0.916666666666667,2900,2.19655668357286,1,3.10546949718924,7.84998015724494,1,4.30264842101797,2.68116465183188,4.83716938798331,5.27691205961816,0.465636852064457,4.83716938798331,0,0
"13",1,2900,2.28259068155981,1,3.16570236245883,7.92175778920512,1,4.30528614071611,2.6811204349234,5.21399432543867,5.21399432543867,0.376824937455357,5.21399432543867,0,0
"14",1.08333333333333,2900,2.30220167123715,1,3.17927242131547,7.93782937085519,1,4.30587369184699,2.68111058941123,5.42318221012264,5.00601434780551,0.209187884683969,5.42318221012264,0,0
"15",1.16666666666667,2900,2.30486687661767,1,3.18111217391386,7.94000548531386,1,4.30595316178484,2.68110925785051,5.58435773687561,4.78659234589338,0.161175526752972,5.58435773687561,0,0
"16",1.25,2900,2.30486687661767,1,3.18111217391386,7.94000548531386,1,4.30595316178484,2.68110925785051,5.7340277756711,4.58722222053688,0.149670038795489,5.7340277756711,0,0
"17",1.33333333333333,2900,2.3188571620329,1,3.19075206619938,7.95139702818018,1,4.30636884049433,2.68110229334571,5.91992129430448,4.43994097072836,0.185893518633385,5.91992129430448,0,0
"18",1.41666666666667,2900,2.34202762591377,1,3.20665374397451,7.97014867291913,1,4.3070518820501,2.68109085079896,6.130897808173,4.32769257047506,0.210976513868514,6.130897808173,0,0
"19",1.5,2900,2.52531135579809,1,3.32976455652651,8.11369778344469,1,4.31223165068233,2.6810041381357,6.82997715630809,4.5533181042054,0.699079348135097,6.82997715630809,0,0
"20",1.58333333333333,2900,2.95741306958186,1,3.60339651546195,8.42306580262012,1,4.3231102255719,2.68082237147341,8.34657846742941,5.27152324258699,1.51660131112131,8.34657846742941,0,0
"21",1.66666666666667,2900,3.23774254306969,1,3.77031135683525,8.60573487416539,1,4.32935986233802,2.68071816058111,9.43971519503488,5.66382911702093,1.09313672760547,9.43971519503488,0,0
"22",1.75,2900,3.24601585021631,1,3.77512536571596,8.61093946044649,1,4.32953610725902,2.68071522398798,9.65263908704598,5.51579376402627,0.212923892011098,9.65263908704598,0,0
"23",1.83333333333333,2900,3.54162974597903,1,3.94328020500439,8.79059349494818,1,4.33555969613934,2.6806149326669,10.8543926359223,5.92057780141215,1.2017535488763,10.8543926359223,0,0
"24",1.91666666666667,2900,3.67032495242818,1,4.01428607078544,8.86524276938953,1,4.33802889359212,2.68057386246004,11.5040619225186,6.00211926392273,0.649669286596287,11.5040619225186,0,0
"25",2,2900,3.72526999633519,1,4.04422153692881,8.89650594371706,1,4.33905723857353,2.68055676505929,11.8984675974306,5.9492337987153,0.394405674912043,11.8984675974306,0,0
"26",2.08333333333333,2900,3.73730332834646,1,4.05074807382356,8.90330576428138,1,4.33928045992765,2.68055305430095,12.1360302467451,5.82529451843766,0.237562649314516,12.1360302467451,0,0
"27",2.16666666666667,2900,3.74408252943226,1,4.05442029301641,8.90712921503896,1,4.3394059045657,2.6805509690366,12.3498322650517,5.69992258387003,0.213802018306602,12.3498322650517,0,0
"28",2.25,2900,3.74408252943226,1,4.05442029301641,8.90712921503896,1,4.3394059045657,2.6805509690366,12.533292796281,5.57035235390267,0.183460531229272,12.533292796281,0,0
"29",2.33333333333333,2900,3.75088392643151,1,4.05810119612631,8.91095987913928,1,4.33953153551379,2.68054888073726,12.7377182571239,5.45902211019595,0.204425460842879,12.7377182571239,0,0
"30",2.41666666666667,2900,3.81043309920601,1,4.09018762905068,8.94427464156195,1,4.34062201173114,2.68053075691364,13.1439209918387,5.43886385869186,0.40620273471478,13.1439209918387,0,0
"31",2.5,2900,4.01347651116614,1,4.19774857768206,9.05496138307476,1,4.34421806348396,2.68047102329025,14.1229443487206,5.64917773948825,0.979023356881978,14.1229443487206,0,0
"32",2.58333333333333,2900,4.416089476656,1,4.40326671603342,9.26237693306236,1,4.35084766493502,2.6803610326796,15.9370503057819,6.16918076352847,1.81410595706124,15.9370503057819,0,0
"33",2.66666666666667,2900,4.93536598810476,1,4.65495773638187,9.5095692917269,1,4.35857014832754,2.68023312704524,18.2954714261438,6.86080178480394,2.35842112036197,18.2954714261438,0,0
"34",2.75,2900,4.96824528811515,1,4.67043761072527,9.52454017578589,1,4.35903181565094,2.68022548793418,18.6463611323103,6.78049495720374,0.350889706166431,18.6463611323103,0,0
"35",2.83333333333333,2900,5.32959612877749,1,4.83730209351598,9.68428856495918,1,4.36391638174952,2.68014471491753,20.4152330017374,7.20537635355437,1.76887186942711,20.4152330017374,0,0
"36",2.91666666666667,2900,5.38661704182304,1,4.86311019718788,9.70873562459064,1,4.36465725127114,2.68013247173078,20.8830414663002,7.15989993130292,0.4678084645628,20.8830414663002,0,0
"37",3,2900,5.42509403869925,1,4.88044806559347,9.72512082880619,1,4.36515283255163,2.68012428322865,21.2676957129797,7.08923190432656,0.384654246679499,21.2676957129797,0,0
"38",3.08333333333333,2900,5.44240363122724,1,4.88822777306091,9.73246310891882,1,4.3653746520241,2.68012061840912,21.5547074473484,6.99071592886974,0.287011734368686,21.5547074473484,0,0
"39",3.16666666666667,2900,5.44269042224545,1,4.88835656554372,9.73258460806715,1,4.36537832135255,2.68012055778744,21.7600758867162,6.8716029115946,0.205368439367852,21.7600758867162,0,0
"40",3.25,2900,5.44269042224545,1,4.88835656554372,9.73258460806715,1,4.36537832135255,2.68012055778744,21.9583465621905,6.75641432682785,0.198270675474287,21.9583465621905,0,0
"41",3.33333333333333,2900,5.46312752138746,1,4.89752576422198,9.74123024364522,1,4.36563931378204,2.68011624601535,22.2453140610967,6.673594218329,0.28696749890614,22.2453140610967,0,0
"42",3.41666666666667,2900,5.50524744535837,1,4.91636912213267,9.75897094551778,1,4.36617419014177,2.68010741032191,22.629479503473,6.6232622936994,0.384165442376307,22.629479503473,0,0
"43",3.5,2900,5.69747071843266,1,5.00146358673342,9.83864380584229,1,4.36856517404628,2.68006792692728,23.7190284474614,6.77686527070324,1.08954894398839,23.7190284474614,0,0
"44",3.58333333333333,2900,6.20545689747742,1,5.21966874163161,10.0397441098657,1,4.37452081066961,2.67996967521642,26.3360211091877,7.34958728628495,2.61699266172638,26.3360211091877,0,0
"45",3.66666666666667,2900,6.32937441110336,1,5.27152722508624,10.0868833916525,1,4.37590074635643,2.67994692965389,27.1368103223956,7.40094826974426,0.800789213207867,27.1368103223956,0,0
"46",3.75,2900,6.5767849812806,1,5.37356964586323,10.1789325755389,1,4.3785781031216,2.67990281962393,28.5494095763165,7.61317588701772,1.41259925392086,28.5494095763165,0,0
"47",3.83333333333333,2900,6.62900077814123,1,5.39485896134315,10.198020708427,1,4.3791304754871,2.67989372261682,29.0091377210272,7.5676011446158,0.459728144710763,29.0091377210272,0,0
"48",3.91666666666667,2900,6.66329035749337,1,5.40879385499949,10.2104933662527,1,4.3794908885772,2.6798877876176,29.3773033993967,7.50058810197362,0.368165678369454,29.3773033993967,0,0
"49",4,2900,6.72305633136829,1,5.43299662708074,10.2321163386509,1,4.38011473961129,2.67987751571496,29.8705503450316,7.46763758625791,0.493246945634969,29.8705503450316,0,0
"50",4.08333333333333,2900,6.74109008796764,1,5.44027841373694,10.2386120290854,1,4.38030190861455,2.67987443421169,30.1507413099383,7.38385501467877,0.280190964906673,30.1507413099383,0,0
"51",4.16666666666667,2900,6.74109008796764,1,5.44027841373694,10.2386120290854,1,4.38030190861455,2.67987443421169,30.3346698265441,7.28032075837058,0.183928516605761,30.3346698265441,0,0
"52",4.25,2900,6.74109008796764,1,5.44027841373694,10.2386120290854,1,4.38030190861455,2.67987443421169,30.5133622553123,7.17961464830877,0.178692428768208,30.5133622553123,0,0
"53",4.33333333333333,2900,6.74625711809683,1,5.44236299483534,10.2404707294249,1,4.38035544545045,2.67987355281959,30.7136412205973,7.08776335859938,0.200278965285047,30.7136412205973,0,0
"54",4.41666666666667,2900,6.75108941219708,1,5.44431180810724,10.2422080346766,1,4.3804054775048,2.67987272913771,30.9075361836998,6.99793272083769,0.193894963102448,30.9075361836998,0,0
"55",4.5,2900,7.0039846122305,1,5.54534603809544,10.3318327619379,1,4.38297587224192,2.67983042550747,32.3948017898098,7.19884484217997,1.48726560611007,32.3948017898098,0,0
"56",4.58333333333333,2900,7.3355344294258,1,5.67507937544115,10.4456649057079,1,4.38621070949623,2.67977722265484,34.3143413579256,7.48676538718378,1.9195395681158,34.3143413579256,0,0
"57",4.66666666666667,2900,7.71513909543006,1,5.82006641393294,10.5712726412903,1,4.38974224448779,2.67971918604833,36.5150427302433,7.82465201362355,2.2007013723176,36.5150427302433,0,0
"58",4.75,2900,8.05701954589752,1,5.9476207637147,10.6804230418963,1,4.3927794340935,2.67966931176052,38.5391875987487,8.11351317868394,2.02414486850547,38.5391875987487,0,0
"59",4.83333333333333,2900,8.12070376774973,1,5.97108006368995,10.7003630178141,1,4.39333114920467,2.67966025573881,39.0650973100303,8.08243392621316,0.525909711281571,39.0650973100303,0,0
"60",4.91666666666667,2900,8.13658453399204,1,5.9769157039761,10.7053167999437,1,4.3934680656813,2.67965800853048,39.3272949206483,7.99877184826745,0.26219761061801,39.3272949206483,0,0
"61",5,2900,8.21122473668473,1,6.00426746058497,10.7285014230628,1,4.39410807587949,2.67964750500521,39.9089707001283,7.98179414002567,0.58167577948003,39.9089707001283,0,0
"62",5.08333333333333,2900,8.22779938352847,1,6.01032431848793,10.7336279778128,1,4.39424941996533,2.67964518554899,40.1681439427085,7.90192995594266,0.259173242580211,40.1681439427085,0,0
"63",5.16666666666667,2900,8.23659615116032,1,6.01353643509473,10.7363456262833,1,4.39432432263549,2.67964395642736,40.3800787847501,7.81549911962905,0.211934842041565,40.3800787847501,0,0
"64",5.25,2900,8.23775595137808,1,6.01395980509098,10.7367037663967,1,4.39433419222208,2.67964379447316,40.5451377303351,7.72288337720668,0.165058945584953,40.5451377303351,0,0
"65",5.33333333333333,2900,8.24072165275631,1,6.01504226031378,10.7376193841873,1,4.39435942332241,2.6796433804471,40.715849018015,7.63422169087782,0.170711287679993,40.715849018015,0,0
"66",5.41666666666667,2900,8.34016117337347,1,6.0512247304154,10.7681753618453,1,4.39520028629007,2.67962958382528,41.4252420721362,7.64773699793284,0.709393054121144,41.4252420721362,0,0
"67",5.5,2900,8.52988397945482,1,6.11966462717179,10.8257108479116,1,4.39677756962159,2.6796037115531,42.6467418958644,7.75395307197534,1.22149982372817,42.6467418958644,0,0
"68",5.58333333333333,2900,9.02380919853216,1,6.29435179599765,10.9710481995707,1,4.40072730836146,2.67953896554794,45.6143732073276,8.1697384848945,2.96763131146324,45.6143732073276,0,0
"69",5.66666666666667,2900,9.03893780613869,1,6.2996258935653,10.9754029569047,1,4.40084490016347,2.67953703884179,45.8536202237177,8.09181533359724,0.239247016390109,45.8536202237177,0,0
"70",5.75,2900,9.50611584488455,1,6.46037327013832,11.1072213906333,1,4.40438396381178,2.67947907707879,48.7070812443186,8.47079673814237,2.85346102060092,48.7070812443186,0,0
"71",5.83333333333333,2900,9.76649512781465,1,6.54825267785316,11.1785564475352,1,4.40628286601294,2.67944799711899,50.3798309234843,8.63654244402588,1.67274967916567,50.3798309234843,0,0
"72",5.91666666666667,2900,9.9119096702595,1,6.59682142748319,11.2177655152076,1,4.4073217832405,2.67943099863813,51.3865395454229,8.68504893725458,1.00670862193864,51.3865395454229,0,0
"73",6,2900,9.96879541283503,1,6.61572435404879,11.2329845820391,1,4.40772412854795,2.67942441667905,51.8729225375549,8.64548708959248,0.486382992131915,51.8729225375549,0,0
"74",6.08333333333333,2900,9.99450501401725,1,6.62424986312413,11.2398411266878,1,4.40790522839685,2.67942145427149,52.1725951590102,8.57631701244003,0.299672621455287,52.1725951590102,0,0
"75",6.16666666666667,2900,10.0001643706706,1,6.62612507790365,11.241348623977,1,4.40794503165117,2.67942080319184,52.349922630132,8.48917664272411,0.177327471121892,52.349922630132,0,0
"76",6.25,2900,10.0061050432558,1,6.62809293532116,11.2429303559106,1,4.40798678961062,2.67942012014468,52.5250146707625,8.404002347322,0.175092040630439,52.5250146707625,0,0
"77",6.33333333333333,2900,10.0066988555373,1,6.62828960448361,11.2430884218169,1,4.40799096227303,2.67942005189159,52.6644039625078,8.31543220460649,0.13938929174531,52.6644039625078,0,0
"78",6.41666666666667,2900,10.0682720990847,1,6.64865093446745,11.2594397903745,1,4.40842231439215,2.6794129965345,53.1649254355435,8.28544292501977,0.500521473035732,53.1649254355435,0,0
"79",6.5,2900,10.3161072993102,1,6.7299832862163,11.3244931411686,1,4.41013266775493,2.67938502832987,54.7840666429291,8.42831794506601,1.61914120738555,54.7840666429291,0,0
"80",6.58333333333333,2900,10.6872552768329,1,6.84997760916715,11.419719295431,1,4.41261985850294,2.67934437692018,57.1586365807247,8.68232454390755,2.37456993779562,57.1586365807247,0,0
"81",6.66666666666667,2900,10.8629088006305,1,6.90604059776368,11.46390936206,1,4.41376748458994,2.67932562769951,58.3579318964638,8.75368978446957,1.1992953157391,58.3579318964638,0,0
"82",6.75,2900,11.2449927336558,1,7.02644498008838,11.5581810380263,1,4.41620201509231,2.67928587038192,60.8251694584849,9.01113621607184,2.46723756202111,60.8251694584849,0,0
"83",6.83333333333333,2900,11.5322040733021,1,7.11561136108168,11.6274480287499,1,4.41797903439662,2.67925686481687,62.7239925703495,9.17912086395358,1.89882311186458,62.7239925703495,0,0
"84",6.91666666666667,2900,11.7003546276894,1,7.16729983241752,11.667392120806,1,4.41899930215011,2.67924021681384,63.8946034048168,9.23777398623858,1.17061083446735,63.8946034048168,0,0
"85",7,2900,11.7917888615952,1,7.19525032029396,11.6889287181742,1,4.41954804743189,2.67923126441121,64.5909845452322,9.22728350646175,0.696381140415397,64.5909845452322,0,0
"86",7.08333333333333,2900,11.8025335681043,1,7.19852773860678,11.6914511709247,1,4.41961225698034,2.67923021695109,64.7840485439862,9.14598332385688,0.193063998753999,64.7840485439862,0,0
"87",7.16666666666667,2900,11.8038368997545,1,7.19892518759455,11.6917570249645,1,4.41962004167888,2.67923008995919,64.9149008977551,9.05789314852396,0.130852353768844,64.9149008977551,0,0
"88",7.25,2900,11.8156934726216,1,7.20253982402822,11.6945382349521,1,4.41969082124379,2.67922893534159,65.1082266892106,8.98044506058077,0.193325791455493,65.1082266892106,0,0
"89",7.33333333333333,2900,11.8320871041972,1,7.20753465810265,11.6983802021882,1,4.41978857041168,2.67922734080368,65.3268362060597,8.90820493718996,0.218609516849099,65.3268362060597,0,0
"90",7.41666666666667,2900,11.9102930551258,1,7.23131506740688,11.7166526277404,1,4.42025305676102,2.67921976434308,65.9303828472504,8.88948982210118,0.603546641190746,65.9303828472504,0,0
"91",7.5,2900,12.078578957092,1,7.28222312833946,11.7556634386009,1,4.42124245763384,2.67920362847399,67.0999605292787,8.94666140390382,1.16957768202825,67.0999605292787,0,0
"92",7.58333333333333,2900,12.4903287660938,1,7.40530576556948,11.8493927395829,1,4.42360718018739,2.67916507787602,69.8128776205845,9.20609375216499,2.71291709130588,69.8128776205845,0,0
"93",7.66666666666667,2900,12.9747503729554,1,7.54754247643861,11.9566928878029,1,4.42629296216823,2.67912131890542,73.0059493294796,9.52251512993212,3.19307170889506,73.0059493294796,0,0
"94",7.75,2900,13.0196996524197,1,7.56060489640577,11.9664933358669,1,4.4265371512221,2.67911734172867,73.404877850202,9.47159714196154,0.39892852072235,73.404877850202,0,0
"95",7.83333333333333,2900,13.3242953955401,1,7.64853373397288,12.0322338461709,1,4.42817034339613,2.67909074725332,75.467015018119,9.63408702358966,2.06213716791702,75.467015018119,0,0
"96",7.91666666666667,2900,13.4607646977841,1,7.68760262916767,12.0613163029511,1,4.42889018549787,2.67907902873029,76.4539409816568,9.65733991347244,0.986925963537843,76.4539409816568,0,0
"97",8,2900,13.5231182491856,1,7.70538748399001,12.0745293931935,1,4.42921669811438,2.67907371397936,76.9629381277523,9.62036726596903,0.508997146095439,76.9629381277523,0,0
"98",8.08333333333333,2900,13.5506669122516,1,7.71323201812187,12.0803523156482,1,4.42936048431249,2.67907137365274,77.2452163270283,9.55610923633339,0.282278199276021,77.2452163270283,0,0
"99",8.16666666666667,2900,13.5594363737661,1,7.71572746545587,12.0822040089219,1,4.42940619487452,2.67907062966412,77.4034728146645,9.47797626302015,0.158256487636265,77.4034728146645,0,0
"100",8.25,2900,13.5701614518079,1,7.71877830842253,12.0844673935633,1,4.42946205950098,2.67906972041787,77.5716659071566,9.40262617056444,0.168193092492047,77.5716659071566,0,0
"101",8.33333333333333,2900,13.5719802934951,1,7.71929557438929,12.084851100448,1,4.42947152914733,2.67906956629216,77.6794236151898,9.32153083382278,0.107757708033247,77.6794236151898,0,0
"102",8.41666666666667,2900,13.6457467747233,1,7.74024511969329,12.1003800779349,1,4.42985453947991,2.67906333279077,78.2521659104329,9.29728703886331,0.572742295243017,78.2521659104329,0,0
"103",8.5,2900,13.8078830495139,1,7.78609342207782,12.1342884287342,1,4.4306892720715,2.67904974941718,79.3996927348765,9.34114032175018,1.14752682444369,79.3996927348765,0,0
"104",8.58333333333333,2900,14.1329332862822,1,7.87720621331349,12.2013629011293,1,4.43233407702889,2.67902299164827,81.6146638094498,9.5085045214893,2.21497107457327,81.6146638094498,0,0
"105",8.66666666666667,2900,14.6830474050972,1,8.02904996977028,12.3122448438294,1,4.43503472788329,2.67897907943411,85.319750581339,9.84458660553912,3.70508677188921,85.319750581339,0,0
"106",8.75,2900,14.7493543498378,1,8.04715867934742,12.3253945940599,1,4.43535349844281,2.67897389808028,85.8480678090221,9.81120774960252,0.528317227683047,85.8480678090221,0,0
"107",8.83333333333333,2900,14.8491522078709,1,8.07433733682898,12.3451013553552,1,4.43583062785435,2.67896614344779,86.5964060527191,9.80336672294933,0.748338243696992,86.5964060527191,0,0
"108",8.91666666666667,2900,15.0172528751644,1,8.11991171419869,12.3780683506287,1,4.43662722096141,2.67895319858214,87.7968139142049,9.84637165392952,1.20040786148583,87.7968139142049,0,0
"109",9,2900,15.1068620395661,1,8.14410176735127,12.3955270860336,1,4.43704828144406,2.67894635719315,88.4771262052576,9.83079180058418,0.680312291052743,88.4771262052576,0,0
"110",9.08333333333333,2900,15.1319957256325,1,8.15087373064006,12.400409738579,1,4.4371659396821,2.67894444560176,88.72778276807,9.7681962680444,0.250656562812367,88.72778276807,0,0
"111",9.16666666666667,2900,15.1367855927925,1,8.15216366337785,12.4013395508016,1,4.43718834065227,2.67894408165948,88.840995796651,9.69174499599829,0.113213028581001,88.840995796651,0,0
"112",9.25,2900,15.1387974937944,1,8.15270541648595,12.4017300354136,1,4.43719774771281,2.67894392882616,88.9334459864768,9.61442659313262,0.0924501898257688,88.9334459864768,0,0
"113",9.33333333333333,2900,15.15426394489,1,8.15686893180112,12.4047305569396,1,4.43727002326019,2.67894275460103,89.1133801398464,9.54786215784068,0.179934153369601,89.1133801398464,0,0
"114",9.41666666666667,2900,15.2250268314646,1,8.17589101522939,12.418428965347,1,4.43759977888604,2.67893739747339,89.6604863150844,9.5214675732833,0.547106175238014,89.6604863150844,0,0
"115",9.5,2900,15.4627051662189,1,8.23946091382697,12.4640864184995,1,4.43869642574667,2.67891958456198,91.3235794805718,9.61300836637598,1.66309316548744,91.3235794805718,0,0
"116",9.58333333333333,2900,15.8400414217269,1,8.33938869953333,12.53548389981,1,4.44040383491757,2.6788918599896,93.9289116670823,9.80127773917381,2.60533218651052,93.9289116670823,0,0
"117",9.66666666666667,2900,16.036096235074,1,8.39083898378194,12.5720691284985,1,4.44127522757206,2.67887771470703,95.3213475709801,9.86082905906691,1.39243590389775,95.3213475709801,0,0
"118",9.75,2900,16.0963893721728,1,8.40659828563032,12.5832516128898,1,4.44154110182309,2.67887339934826,95.7991191211518,9.82555067909249,0.47777155017171,95.7991191211518,0,0
"119",9.83333333333333,2900,16.4284858281166,1,8.49287689646102,12.6442786076895,1,4.44298820548974,2.67884991631025,98.1143153544613,9.97772698519945,2.31519623330945,98.1143153544613,0,0
"120",9.91666666666667,2900,16.4922697792063,1,8.50934781377562,12.6558917562791,1,4.44326284453041,2.67884546046102,98.6155329677752,9.94442349254876,0.501217613313926,98.6155329677752,0,0
"121",10,2900,16.5508330056765,1,8.52444256007064,12.6665242257246,1,4.44351408548573,2.67884138447901,99.0801634042216,9.90801634042216,0.464630436446384,99.0801634042216,0,0
"122",10.0833333333333,2900,16.5599102470664,1,8.52677983869094,12.6681696770043,1,4.44355294925778,2.6788407539977,99.207356037824,9.83874605333792,0.127192633602434,99.207356037824,0,0
"123",10.1666666666667,2900,16.5600788334088,1,8.526823241552,12.6682002305063,1,4.44355367085379,2.67884074229141,99.2722067097166,9.76447934849671,0.0648506718925859,99.2722067097166,0,0
"124",10.25,2900,16.5609252831144,1,8.52704115823188,12.6683536320072,1,4.44355729378255,2.67884068351746,99.3398560372011,9.69169327192206,0.0676493274845313,99.3398560372011,0,0
"125",10.3333333333333,2900,16.593231824839,1,8.5353542502861,12.674204057523,1,4.4436954344901,2.678838442529,99.619898336787,9.64063532291487,0.280042299585929,99.619898336787,0,0
"126",10.4166666666667,2900,16.6431480571339,1,8.54818275756622,12.6832263735416,1,4.4439083535907,2.6788349885877,100.018538741775,9.60177971921043,0.398640404988285,100.018538741775,0,0
"127",10.5,2900,16.7945814535682,1,8.58698398362647,12.7104720781842,1,4.44455047306936,2.67882457325207,101.108787860186,9.62940836763673,1.09024911841031,101.108787860186,0,0
"128",10.5833333333333,2900,17.2112593840262,1,8.69285399338207,12.7844847664937,1,4.44628832582023,2.67879639260206,104.015639109001,9.82824936463001,2.90685124881531,104.015639109001,0,0
"129",10.6666666666667,2900,17.6719426910375,1,8.80842391937372,12.8647391188649,1,4.44816216375232,2.67876601951568,107.235978308076,10.0533729663821,3.2203391990749,107.235978308076,0,0
"130",10.75,2900,17.6799952804594,1,8.81043056188334,12.8661276676862,1,4.44819448856753,2.67876549567723,107.347443155463,9.9858086656245,0.111464847387495,107.347443155463,0,0
"131",10.8333333333333,2900,17.7493778618461,1,8.82770126387003,12.878071709101,1,4.44847240639034,2.67876099205275,107.879967253741,9.95815082342223,0.532524098277463,107.879967253741,0,0
"132",10.9166666666667,2900,17.7658335134262,1,8.83179244733672,12.8808992807588,1,4.44853816404959,2.67875992650016,108.046587097022,9.89739729133022,0.166619843280785,108.046587097022,0,0
"133",11,2900,17.8615760170941,1,8.85555833892455,12.897311174138,1,4.44891957138493,2.67875374640486,108.759099271505,9.8871908428641,0.712512174483521,108.759099271505,0,0
"134",11.0833333333333,2900,17.87204644454,1,8.85815351576329,12.8991019082332,1,4.44896116009859,2.67875307255924,108.881949954881,9.82393533427501,0.122850683376285,108.881949954881,0,0
"135",11.1666666666667,2900,17.8738096678415,1,8.85859046957049,12.8994033896584,1,4.4489681612923,2.67875295912227,108.943250897061,9.75611202063234,0.0613009421797273,108.943250897061,0,0
"136",11.25,2900,17.8752769761049,1,8.85895407465762,12.8996542573057,1,4.44897398698429,2.67875286473154,109.001118325946,9.68898829563968,0.057867428885217,109.001118325946,0,0
"137",11.3333333333333,2900,17.8853545484632,1,8.86145093586567,12.9013768088208,1,4.44901398552062,2.67875221665895,109.117201081393,9.62798833071116,0.116082755446826,109.117201081393,0,0
"138",11.4166666666667,2900,17.9438033632279,1,8.87591860656966,12.9113528401692,1,4.44924553621576,2.67874846509778,109.566889974243,9.59709985175854,0.449688892850105,109.566889974243,0,0
"139",11.5,2900,18.0730642523244,1,8.90783074673032,12.9333273158805,1,4.44975499121008,2.67874021166479,110.506641166219,9.60927314488859,0.939751191975503,110.506641166219,0,0
"140",11.5833333333333,2900,18.5107118512945,1,9.01503922136333,13.0068485676792,1,4.45145365426976,2.67871269945942,113.590180884291,9.80634655116184,3.08353971807249,113.590180884291,0,0
"141",11.6666666666667,2900,18.5529895008351,1,9.02532832575675,13.013880360779,1,4.45161564998108,2.67871007627721,113.927501090932,9.76521437922278,0.337320206641124,113.927501090932,0,0
"142",11.75,2900,19.0022603515406,1,9.13395131397809,13.0878597949073,1,4.45331502946581,2.6786825642821,117.103914053881,9.96629055777712,3.17641296294877,117.103914053881,0,0
"143",11.8333333333333,2900,19.0099750198134,1,9.13580525799707,13.0891184239964,1,4.45334386381814,2.67868209756322,117.199634890102,9.90419449775507,0.0957208362205506,117.199634890102,0,0
"144",11.9166666666667,2900,19.1960781096278,1,9.18041501387259,13.1193632376523,1,4.45403597576047,2.67867089582524,118.54259957423,9.94763073350183,1.34296468412845,118.54259957423,0,0
"145",12,2900,19.2180464116687,1,9.18566661945576,13.1229186632376,1,4.45411723912601,2.67866958070595,118.736397357508,9.89469977979234,0.193797783277958,118.736397357508,0,0
"146",12.0833333333333,2900,19.2343637364594,1,9.18956539512716,13.125557508433,1,4.45417753971108,2.67866860485208,118.889574626017,9.83913721042896,0.153177268508429,118.889574626017,0,0
"147",12.1666666666667,2900,19.2343637364594,1,9.18956539512716,13.125557508433,1,4.45417753971108,2.67866860485208,118.927320597018,9.77484826824802,0.0377459710010157,118.927320597018,0,0
"148",12.25,2900,19.2392093365011,1,9.19072285879336,13.1263408120997,1,4.45419543690589,2.67866831522158,118.997976953012,9.7141205675928,0.0706563559942168,118.997976953012,0,0
"149",12.3333333333333,2900,19.2563450298359,1,9.19481487613424,13.1291096338937,1,4.45425869192744,2.67866729157441,119.15384210291,9.66112233266835,0.155865149897906,119.15384210291,0,0
"150",12.4166666666667,2900,19.2781134868383,1,9.20001057648001,13.1326243174342,1,4.45433896858938,2.67866599248991,119.341297200926,9.61137964034305,0.187455098016557,119.341297200926,0,0
"151",12.5,2900,19.4492270323257,1,9.24075026228106,13.1601469611301,1,4.45496690394834,2.67865583169742,120.577233676712,9.64617869413694,1.23593647578552,120.577233676712,0,0
"152",12.5833333333333,2900,19.8338583577466,1,9.33167627002182,13.2213447752908,1,4.45635876787672,2.67863331481136,123.318590293236,9.80015287098565,2.74135661652436,123.318590293236,0,0
"153",12.6666666666667,2900,20.2288059783093,1,9.42412818816046,13.2832487453584,1,4.45776059259164,2.67861064408314,126.140438693343,9.95845568631656,2.82184840010697,126.140438693343,0,0
"154",12.75,2900,20.3230264515027,1,9.44605024981218,13.2978803972965,1,4.45809103816594,2.67860530108485,126.839698249132,9.94821162738292,0.69925955578907,126.839698249132,0,0
"155",12.8333333333333,2900,20.5803379653867,1,9.50566077046638,13.337576708461,1,4.45898584636615,2.67859083490806,128.694625956472,10.0281526719329,1.85492770734032,128.694625956472,0,0
"156",12.9166666666667,2900,20.6329213774828,1,9.51779665494075,13.3456422706743,1,4.45916735132468,2.67858790091908,129.099071225806,9.99476680457857,0.404445269333991,129.099071225806,0,0
"157",13,2900,20.7080823337548,1,9.53511646123938,13.3571437236518,1,4.45942599963728,2.67858372013612,129.663219646181,9.97409381893701,0.564148420374664,129.663219646181,0,0
"158",13.0833333333333,2900,20.7257100561245,1,9.53917397434666,13.3598365807808,1,4.45948652744931,2.67858274180248,129.818287420091,9.92241687287317,0.155067773909536,129.818287420091,0,0
"159",13.1666666666667,2900,20.726728770352,1,9.53940840715528,13.3599921488121,1,4.45949002383098,2.67858268528958,129.85457364766,9.86237268210073,0.036286227568894,129.85457364766,0,0
"160",13.25,2900,20.7345986361989,1,9.54121927514817,13.3611937608254,1,4.45951702870576,2.67858224880445,129.938720612294,9.80669589526748,0.0841469646345274,129.938720612294,0,0
"161",13.3333333333333,2900,20.7352084854097,1,9.54135958802238,13.3612868612416,1,4.45951912093807,2.67858221498739,129.970487193971,9.7477865395478,0.0317665816765498,129.970487193971,0,0
"162",13.4166666666667,2900,20.7833954922352,1,9.55243984199472,13.368636559471,1,4.45968424676207,2.67857954608638,130.339762319456,9.71476489337559,0.369275125485103,130.339762319456,0,0
"163",13.5,2900,20.9173887235778,1,9.58318327574296,13.3890056806921,1,4.46014143813633,2.67857215710824,131.319202063588,9.72734830100652,0.979439744132236,131.319202063588,0,0
"164",13.5833333333333,2900,21.2193066523999,1,9.65209649160969,13.4345397041717,1,4.46116112226177,2.67855568010689,133.496426657661,9.82795779074807,2.17722459407332,133.496426657661,0,0
"165",13.6666666666667,2900,21.6756489035797,1,9.75533334912321,13.5024339747395,1,4.46267556892117,2.67853121541005,136.782327632037,10.0084629974661,3.28590097437544,136.782327632037,0,0
"166",13.75,2900,22.0476751908044,1,9.83869418002612,13.5569812619364,1,4.4638871618324,2.67851164921574,139.472934640572,10.143486155678,2.69060700853552,139.472934640572,0,0
"167",13.8333333333333,2900,22.1078351176001,1,9.85210810917936,13.5657359412266,1,4.46408119538264,2.67850851624568,139.929368033417,10.1153760024157,0.456433392845128,139.929368033417,0,0
"168",13.9166666666667,2900,22.2608844574463,1,9.88615164977831,13.5879265392949,1,4.46457249202239,2.67850058413117,141.05263630153,10.1355187761579,1.1232682681127,141.05263630153,0,0
"169",14,2900,22.3384781063415,1,9.90336649317846,13.5991323831536,1,4.46482030350022,2.67849658348924,141.633976514347,10.1167126081677,0.581340212817111,141.633976514347,0,0
"170",14.0833333333333,2900,22.3501814283684,1,9.90596038319396,13.6008199631963,1,4.464857606964,2.67849598128586,141.741153680487,10.064460616366,0.107177166140218,141.741153680487,0,0
"171",14.1666666666667,2900,22.3501814283684,1,9.90596038319396,13.6008199631963,1,4.464857606964,2.67849598128586,141.763529441082,10.0068373723117,0.0223757605949686,141.763529441082,0,0
"172",14.25,2900,22.3501814283684,1,9.90596038319396,13.6008199631963,1,4.464857606964,2.67849598128586,141.785268207208,9.94984338296194,0.0217387661252246,141.785268207208,0,0
"173",14.3333333333333,2900,22.3501814283684,1,9.90596038319396,13.6008199631963,1,4.464857606964,2.67849598128586,141.806388112859,9.89346893810645,0.021119905651517,141.806388112859,0,0
"174",14.4166666666667,2900,22.3515851753627,1,9.90627145994796,13.6010223335414,1,4.46486208001147,2.67849590907618,141.837007724128,9.83840516005511,0.0306196112686337,141.837007724128,0,0
"175",14.5,2900,22.5216094909372,1,9.94387765397587,13.6254623773729,1,4.4654018291344,2.67848719629705,143.081187523856,9.86766810509351,1.24417979972807,143.081187523856,0,0
"176",14.5833333333333,2900,22.8774211806991,1,10.0221199018806,13.6761561743123,1,4.46651850952929,2.67846917396705,145.667060386295,9.98859842648883,2.58587286243957,145.667060386295,0,0
"177",14.6666666666667,2900,23.0972576394863,1,10.0701576534059,13.7071771071286,1,4.46719993460985,2.67845817858343,147.274868977279,10.0414683393599,1.60780859098375,147.274868977279,0,0
"178",14.75,2900,23.4762275903719,1,10.1524349593924,13.7601282747477,1,4.46835977681794,2.67843946748539,150.03729690952,10.172020129459,2.76242793224114,150.03729690952,0,0
"179",14.8333333333333,2900,23.4989962104716,1,10.1573569792009,13.7632887663213,1,4.46842887249907,2.67843835296008,150.221112609234,10.1272660186001,0.183815699713932,150.221112609234,0,0
"180",14.9166666666667,2900,23.574059823056,1,10.1735670333414,13.7736917551847,1,4.4686562015067,2.67843468622872,150.783691186795,10.1084038784443,0.562578577560402,150.783691186795,0,0
"181",15,2900,23.6021005169097,1,10.1796158238294,13.7775714014456,1,4.46874093962211,2.67843331948381,151.004916301704,10.0669944201136,0.221225114909601,151.004916301704,0,0
"182",15.0833333333333,2900,23.6073305802931,1,10.1807436278327,13.7782946318118,1,4.46875673375024,2.67843306474255,151.060188966785,10.0150401524941,0.0552726650810484,151.060188966785,0,0
"183",15.1666666666667,2900,23.609021708546,1,10.1811082737803,13.7785284604293,1,4.46876184000641,2.67843298238466,151.089296172669,9.96193161578041,0.0291072058842019,151.089296172669,0,0
"184",15.25,2900,23.609021708546,1,10.1811082737803,13.7785284604293,1,4.46876184000641,2.67843298238466,151.105653201941,9.90856742307812,0.016357029271802,151.105653201941,0,0
"185",15.3333333333333,2900,23.609021708546,1,10.1811082737803,13.7785284604293,1,4.46876184000641,2.67843298238466,151.121544578341,9.8557529072831,0.0158913763996509,151.121544578341,0,0
"186",15.4166666666667,2900,23.6219515701284,1,10.1838958162621,13.7803158219036,1,4.46880086902418,2.67843235289583,151.230846998134,9.80956845393299,0.10930241979267,151.230846998134,0,0
"187",15.5,2900,23.7406050384559,1,10.2094407200925,13.7966831414512,1,4.46915804816708,2.67842659230905,152.10761892631,9.81339476943936,0.876771928176538,152.10761892631,0,0
"188",15.5833333333333,2900,24.0037049385851,1,10.2658567581673,13.8327542636956,1,4.46994382436967,2.67841392097097,154.035379875744,9.88462330753437,1.92776094943383,154.035379875744,0,0
"189",15.6666666666667,2900,24.4111469671839,1,10.3526171348622,13.8880239136259,1,4.47114412314529,2.67839456950391,157.018282927632,10.0224435911255,2.98290305188846,157.018282927632,0,0
"190",15.75,2900,24.5664337405465,1,10.3854930166199,13.9089033948065,1,4.47159640665146,2.67838727907874,158.16578949581,10.0422723489403,1.14750656817725,158.16578949581,0,0
"191",15.8333333333333,2900,24.7191082974789,1,10.417714719092,13.9293336867395,1,4.47203834745709,2.67838015610053,159.294961043654,10.0607343817045,1.12917154784472,159.294961043654,0,0
"192",15.9166666666667,2900,24.7216294577121,1,10.41824596921,13.9296702490586,1,4.47204562279052,2.67838003884644,159.327062825966,10.0100772456105,0.0321017823119121,159.327062825966,0,0
"193",16,2900,24.7793041112717,1,10.4303915821243,13.9373623844094,1,4.47221185593584,2.6783773597763,159.761946881295,9.98512168008092,0.434884055328467,159.761946881295,0,0
"194",16.0833333333333,2900,24.7897827321444,1,10.4325967402305,13.9387584632814,1,4.47224201713277,2.67837687369911,159.851509658622,9.93895396841173,0.0895627773272736,159.851509658622,0,0
"195",16.1666666666667,2900,24.7937690826599,1,10.4334355195792,13.9392894511658,1,4.47225348797296,2.67837668883619,159.893243055015,9.89030369412467,0.041733396393397,159.893243055015,0,0
"196",16.25,2900,24.800952643682,1,10.4349468628617,13.9402461478452,1,4.47227415429865,2.67837635578096,159.958006272884,9.84356961679288,0.0647632178688298,159.958006272884,0,0
"197",16.3333333333333,2900,24.807018483404,1,10.4362228792767,13.9410538233042,1,4.47229160047494,2.67837607462237,160.014255797418,9.79679117127047,0.0562495245333707,160.014255797418,0,0
"198",16.4166666666667,2900,24.8305308129243,1,10.4411674838778,13.944183100957,1,4.47235918546879,2.67837498544872,160.19780470919,9.7582419112197,0.183548911772334,160.19780470919,0,0
"199",16.5,2900,24.9863406574955,1,10.4738750526206,13.9648630362473,1,4.47280546783517,2.67836779375874,161.349474030869,9.77875600187085,1.15166932167907,161.349474030869,0,0
"200",16.5833333333333,2900,25.3836673996723,1,10.5568231113812,14.0171565392965,1,4.4739312411933,2.67834965557375,164.273166619612,9.90591959515246,2.92369258874254,164.273166619612,0,0
"201",16.6666666666667,2900,25.408699697371,1,10.5620271746069,14.020430152214,1,4.47400158510915,2.67834852236537,164.467758387951,9.86806550327704,0.194591768339109,164.467758387951,0,0
"202",16.75,2900,25.7677775928101,1,10.636397077119,14.0671200876339,1,4.47500320208567,2.67833238875773,167.116591841036,9.97710996065887,2.6488334530853,167.116591841036,0,0
"203",16.8333333333333,2900,25.9903184021685,1,10.682228420102,14.0958078121536,1,4.47561708947053,2.67832250236135,168.764686718274,10.0256249535609,1.64809487723841,168.764686718274,0,0
"204",16.9166666666667,2900,25.9931310200119,1,10.6828064086627,14.0961691850421,1,4.47562481503918,2.67832237795321,168.795634797417,9.9780670816207,0.030948079142405,168.795634797417,0,0
"205",17,2900,26.0007108236431,1,10.684363890762,14.0971429105535,1,4.47564563079841,2.67832204274923,168.861401361661,9.93302360950944,0.0657665642437166,168.861401361661,0,0
"206",17.0833333333333,2900,26.0071855665496,1,10.6856941275309,14.0979745049443,1,4.47566340709641,2.6783217564921,168.918754431116,9.8879270886507,0.0573530694555586,168.918754431116,0,0
"207",17.1666666666667,2900,26.0096549806308,1,10.686201425353,14.0982916266381,1,4.47567018568414,2.67832164733475,168.946337249206,9.84153420869163,0.0275828180902238,168.946337249206,0,0
"208",17.25,2900,26.0096549806308,1,10.686201425353,14.0982916266381,1,4.47567018568414,2.67832164733475,168.955465015593,9.79451971104887,0.00912776638662649,168.955465015593,0,0
"209",17.3333333333333,2900,26.0096549806308,1,10.686201425353,14.0982916266381,1,4.47567018568414,2.67832164733475,168.964332932189,9.74794228454935,0.00886791659584674,168.964332932189,0,0
"210",17.4166666666667,2900,26.0096549806308,1,10.686201425353,14.0982916266381,1,4.47567018568414,2.67832164733475,168.972948396413,9.70179608017682,0.00861546422416382,168.972948396413,0,0
"211",17.5,2900,26.144159760831,1,10.7137967878061,14.1155301025694,1,4.47603845036426,2.67831571732848,169.972574747787,9.71271855701641,0.999626351374246,169.972574747787,0,0
"212",17.5833333333333,2900,26.4915144909127,1,10.784734397214,14.159737005982,1,4.47698092654343,2.67830054332531,172.543921905316,9.81292446854878,2.57134715752886,172.543921905316,0,0
"213",17.6666666666667,2900,26.6177652451086,1,10.8104022857495,14.1756950104092,1,4.47732047176589,2.67829507740176,173.484769031182,9.81989258667067,0.940847125865815,173.484769031182,0,0
"214",17.75,2900,26.9760650204203,1,10.8829180830773,14.220671444481,1,4.47827553962633,2.6782797052138,176.143221387263,9.92356176829653,2.65845235608154,176.143221387263,0,0
"215",17.8333333333333,2900,27.2252310816945,1,10.9330629243467,14.2516805935331,1,4.47893237488449,2.67826913514905,177.997101564635,9.98114588212904,1.85388017737117,177.997101564635,0,0
"216",17.9166666666667,2900,27.3379273729664,1,10.9556677502802,14.2656347550015,1,4.47922751692631,2.67826438611952,178.840495562146,9.98179510114301,0.843393997510987,178.840495562146,0,0
"217",18,2900,27.3981758828758,1,10.967733394093,14.2730767840764,1,4.47938481191307,2.67826185527101,179.294958553796,9.96083103076642,0.454462991649962,179.294958553796,0,0
"218",18.0833333333333,2900,27.4119610190864,1,10.9704922034115,14.2747777987514,1,4.47942075387861,2.67826127698395,179.40451393528,9.92098694572979,0.109555381484796,179.40451393528,0,0
"219",18.1666666666667,2900,27.41805810872,1,10.9717121882799,14.2755299399515,1,4.47943664513871,2.67826102130357,179.45681649989,9.87835687155355,0.0523025646091924,179.45681649989,0,0
"220",18.25,2900,27.4226808570928,1,10.9726370773948,14.2761001203275,1,4.47944869140512,2.67826082748734,179.497979968877,9.83550575171928,0.041163468987321,179.497979968877,0,0
"221",18.3333333333333,2900,27.4270356078438,1,10.9735082760014,14.2766371781754,1,4.47946003747769,2.67826064493724,179.536962394794,9.79292522153424,0.0389824259175668,179.536962394794,0,0
"222",18.4166666666667,2900,27.5180759460605,1,10.9917057264,14.2878500281406,1,4.4796968332092,2.67825683517362,180.219382712018,9.78566783956657,0.682420317223318,180.219382712018,0,0
"223",18.5,2900,27.7082386954139,1,11.0296192477121,14.3111801341239,1,4.48018896917343,2.67824891794874,181.638615222983,9.81830352556665,1.41923251096529,181.638615222983,0,0
"224",18.5833333333333,2900,27.9987394770473,1,11.0872872681469,14.3465854233742,1,4.48093439704108,2.67823692759746,183.805814927459,9.89089587053594,2.16719970447642,183.805814927459,0,0
"225",18.6666666666667,2900,28.317315223429,1,11.150185639168,14.3850915856202,1,4.48174316589796,2.67822392071072,186.185291212821,9.97421202925825,2.37947628536119,186.185291212821,0,0
"226",18.75,2900,28.4568507097294,1,11.17762352719,14.4018531561193,1,4.48209458899129,2.67821826976015,187.231975859147,9.9857053791545,1.04668464632627,187.231975859147,0,0
"227",18.8333333333333,2900,28.7020668159199,1,11.2256796861863,14.4311581688762,1,4.48270808243076,2.67820840575867,189.068440573284,10.0390322428292,1.83646471413692,189.068440573284,0,0
"228",18.9166666666667,2900,28.7065972980122,1,11.2265656107848,14.4316977921605,1,4.48271936841675,2.6782082243109,189.108011192328,9.99689927007902,0.0395706190442411,189.108011192328,0,0
"229",19,2900,28.7672602248433,1,11.2384213683385,14.4389170673923,1,4.48287031857125,2.67820579749062,189.566808355813,9.97720043977964,0.458797163485031,189.566808355813,0,0
"230",19.0833333333333,2900,28.7870278732999,1,11.2422819899258,14.4412670340326,1,4.48291943959603,2.67820500779174,189.719950921484,9.94165681684635,0.153142565671374,189.719950921484,0,0
"231",19.1666666666667,2900,28.7917511555207,1,11.2432042506906,14.4418283528234,1,4.48293117166135,2.67820481918138,189.760520983683,9.90054892088783,0.040570062198924,189.760520983683,0,0
"232",19.25,2900,28.8042109038641,1,11.2456367589149,14.4433087425899,1,4.48296211109318,2.67820432178652,189.858767058887,9.86279309396817,0.0982460752038605,189.858767058887,0,0
"233",19.3333333333333,2900,28.8084421861383,1,11.2464627096116,14.4438113660694,1,4.48297261500882,2.67820415292212,189.895371872778,9.82217440721267,0.0366048138910458,189.895371872778,0,0
"234",19.4166666666667,2900,28.8720050393559,1,11.2588629528031,14.4513550682042,1,4.48313022370792,2.67820161920157,190.375398684901,9.80474156317087,0.480026812122844,190.375398684901,0,0
"235",19.5,2900,28.9626330025527,1,11.2765196473708,14.4620889982494,1,4.48335435282851,2.67819801625494,191.057894794083,9.7978407586709,0.682496109181471,191.057894794083,0,0
"236",19.5833333333333,2900,29.2548016686542,1,11.3332544482965,14.4965197185647,1,4.48407223567586,2.67818647730558,193.24953147962,9.86806118193803,2.19163668553719,193.24953147962,0,0
"237",19.6666666666667,2900,29.664549863456,1,11.4123463026231,14.5443672985667,1,4.48506722494139,2.67817048739968,196.326234280431,9.98268987866598,3.07670280081118,196.326234280431,0,0
"238",19.75,2900,30.0186881449597,1,11.4802650489415,14.5853165041485,1,4.48591634125238,2.67815684461551,198.990575699669,10.075472187325,2.6643414192385,198.990575699669,0,0
"239",19.8333333333333,2900,30.1852213421813,1,11.5120652562238,14.6044454979469,1,4.4863122354081,2.67815048467541,200.247255964164,10.0965003007142,1.25668026449495,200.247255964164,0,0
"240",19.9166666666667,2900,30.2686185396685,1,11.5279573338154,14.6139947477579,1,4.4865096859898,2.67814731289685,200.879035041769,10.0859766548169,0.631779077605017,200.879035041769,0,0
"241",20,2900,30.3249570120921,1,11.5386807432052,14.6204343289421,1,4.48664276978788,2.67814517516514,201.307251942873,10.0653625971437,0.428216901103866,201.307251942873,0,0
"242",20.0833333333333,2900,30.3461957846836,1,11.5427207245578,14.6228595865459,1,4.48669287727537,2.67814437030293,201.47120752775,10.0317613706764,0.163955584876874,201.47120752775,0,0
"243",20.1666666666667,2900,30.3478151927009,1,11.5430287059148,14.6230444537605,1,4.48669669644103,2.67814430895715,201.487355783487,9.99110855124729,0.0161482557369368,201.487355783487,0,0
"244",20.25,2900,30.3546598979486,1,11.5443303510945,14.6238257435558,1,4.48671283658374,2.67814404970485,201.542732622359,9.95272753690662,0.0553768388718652,201.542732622359,0,0
"245",20.3333333333333,2900,30.3736238092819,1,11.5479359173475,14.6259896797595,1,4.48675753569459,2.67814333172692,201.689255544573,9.91914371530689,0.146522922214416,201.689255544573,0,0
"246",20.4166666666667,2900,30.4305033873313,1,11.5587435592533,14.6324739236986,1,4.48689143984525,2.67814118094006,202.121237230709,9.89981570109594,0.431981686135487,202.121237230709,0,0
"247",20.5,2900,30.5648558483407,1,11.5842317233914,14.6477533954751,1,4.48720675284786,2.67813611659963,203.137000716667,9.90912198617888,1.01576348595822,203.137000716667,0,0
"248",20.5833333333333,2900,30.8801631184943,1,11.6438299222948,14.6834120227323,1,4.48794142616822,2.67812431819998,205.518393853869,9.98469929654425,2.38139313720211,205.518393853869,0,0
"249",20.6666666666667,2900,31.2981846879659,1,11.72237565924,14.730260917489,1,4.48890412697681,2.67810886082167,208.679429466007,10.0973917483552,3.16103561213791,208.679429466007,0,0
"250",20.75,2900,31.3129081018415,1,11.7251325778427,14.7319022866746,1,4.4889378037698,2.67810832015982,208.794099573377,10.0623662445001,0.114670107369761,208.794099573377,0,0
"251",20.8333333333333,2900,31.4285022592014,1,11.7467547834004,14.744768326748,1,4.48920166159189,2.67810408421599,209.671609467971,10.0642372544626,0.877509894593686,209.671609467971,0,0
"252",20.9166666666667,2900,31.4949144785559,1,11.75915938922,14.7521439174173,1,4.48935282400242,2.67810165758682,210.17727213064,10.0483157990744,0.505662662669238,210.17727213064,0,0
"253",21,2900,31.5178898570242,1,11.7634477304928,14.7546927478151,1,4.48940504578276,2.67810081928352,210.354235583749,10.0168683611309,0.176963453109693,210.354235583749,0,0
"254",21.0833333333333,2900,31.5303391204195,1,11.7657707254893,14.7560732454042,1,4.48943332663233,2.67810036530223,210.451462935462,9.98188757006142,0.0972273517121778,210.451462935462,0,0
"255",21.1666666666667,2900,31.5363616343601,1,11.7668943438336,14.7567409321074,1,4.48944700396514,2.67810014574648,210.499968046697,9.94488038015892,0.0485051112354711,210.499968046697,0,0
"256",21.25,2900,31.5420491133589,1,11.7679553563265,14.7573713857975,1,4.48945991806268,2.6780999384432,210.545856425392,9.90804030237137,0.0458883786944568,210.545856425392,0,0
"257",21.3333333333333,2900,31.5475525406365,1,11.7689819424803,14.7579813548858,1,4.48947241206766,2.67809973788404,210.590272968717,9.87141904540863,0.044416543325724,210.590272968717,0,0
"258",21.4166666666667,2900,31.609017786126,1,11.7804413315663,14.7647883072464,1,4.48961180629627,2.67809750030655,211.058280936196,9.85486136667062,0.468007967478542,211.058280936196,0,0
"259",21.5,2900,31.7026019607781,1,11.7978674990354,14.7751328910424,1,4.48982353018484,2.67809410181875,211.769618495382,9.84974969745964,0.711337559186404,211.769618495382,0,0
"260",21.5833333333333,2900,31.9855751529802,1,11.8504036218989,14.8062710086843,1,4.49046000453983,2.67808388643614,213.916890158224,9.91120726601809,2.14727166284146,213.916890158224,0,0
"261",21.6666666666667,2900,32.3887180092697,1,11.9248504027765,14.8502714235623,1,4.49135726372863,2.67806948799481,216.97933484533,10.0144308390152,3.06244468710591,216.97933484533,0,0
"262",21.75,2900,32.3944350605455,1,11.925902805854,14.8508923896381,1,4.49136990875514,2.67806928509945,217.025226671563,9.97817134122127,0.0458918262330315,217.025226671563,0,0
"263",21.8333333333333,2900,32.5875219130162,1,11.9613921400534,14.8718158689039,1,4.49179569549171,2.67806245349442,218.495070979125,10.007407831105,1.46984430756217,218.495070979125,0,0
"264",21.9166666666667,2900,32.7215729798178,1,11.9859689059824,14.886286478249,1,4.49208984149885,2.67805773440902,219.51688959316,10.0159797533001,1.02181861403525,219.51688959316,0,0
"265",22,2900,32.7710561005922,1,11.9950283587022,14.8916166751082,1,4.49219812191873,2.67805599730897,219.895644899204,9.99525658632746,0.378755306043985,219.895644899204,0,0
"266",22.0833333333333,2900,32.7900209756505,1,11.9984986666353,14.8936578956322,1,4.4922395787733,2.67805533224439,220.042174836399,9.96417395485582,0.146529937195339,220.042174836399,0,0
"267",22.1666666666667,2900,32.790147331235,1,11.9985217845811,14.8936714924689,1,4.49223985490506,2.67805532781461,220.045296164966,9.92685546608868,0.00312132856632275,220.045296164966,0,0
"268",22.25,2900,32.790147331235,1,11.9985217845811,14.8936714924689,1,4.49223985490506,2.67805532781461,220.047394500084,9.8897705393296,0.00209833511794955,220.047394500084,0,0
"269",22.3333333333333,2900,32.7940703602513,1,11.9992395175762,14.8940936207992,1,4.49224842759375,2.6780551902895,220.079286636573,9.85429641656297,0.0318921364892901,220.079286636573,0,0
"270",22.4166666666667,2900,32.7988317961035,1,12.000110582603,14.8946059121654,1,4.49225883103177,2.67805502339543,220.11750209901,9.81936812337592,0.0382154624371367,220.11750209901,0,0
"271",22.5,2900,32.9441185841084,1,12.0266592578457,14.9102103615771,1,4.49257556106323,2.67804994253784,221.225410456534,9.83224046473486,1.10790835752411,221.225410456534,0,0
"272",22.5833333333333,2900,33.1441418165986,1,12.0631144877171,14.9316080597483,1,4.49300937682673,2.67804298403427,222.751031726076,9.86351431997383,1.52562126954135,222.751031726076,0,0
"273",22.6666666666667,2900,33.5303786252903,1,12.133198118654,14.9726488543632,1,4.49383981556171,2.67802966553227,225.698660181156,9.95729383152158,2.94762845508015,225.698660181156,0,0
"274",22.75,2900,33.5524208616013,1,12.1371855308543,14.9749801177097,1,4.49388692369329,2.67802891009203,225.868722847929,9.9282955097991,0.170062666773759,225.868722847929,0,0
"275",22.8333333333333,2900,33.7694486219906,1,12.1763758528422,14.9978715520995,1,4.49434913080466,2.67802149843038,227.527902319677,9.96472564903695,1.65917947174759,227.527902319677,0,0
"276",22.9166666666667,2900,33.8694957968356,1,12.1943997043218,15.0083864375778,1,4.49456121919793,2.67801809777669,228.294161809964,9.96192706079842,0.766259490286643,228.294161809964,0,0
"277",23,2900,33.9367014721717,1,12.2064921006023,15.015436404589,1,4.49470334155233,2.67801581906004,228.809584419454,9.94824280084582,0.515422609490116,228.809584419454,0,0
"278",23.0833333333333,2900,33.9515264442995,1,12.2091579629108,15.0169901299117,1,4.49473465518766,2.67801531700328,228.92456538591,9.91730969180836,0.114980966455875,228.92456538591,0,0
"279",23.1666666666667,2900,33.9528462023742,1,12.2093952567811,15.0171284215362,1,4.49473744215772,2.6780152723195,228.936244888766,9.88214006714099,0.0116795028565662,228.936244888766,0,0
"280",23.25,2900,33.9593682737684,1,12.2105678642753,15.0178117803972,1,4.49475121343347,2.6780150515236,228.987656938985,9.84893148124669,0.0514120502191986,228.987656938985,0,0
"281",23.3333333333333,2900,33.9834787116992,1,12.2149017184849,15.0203371150701,1,4.49480209975018,2.67801423566552,229.173520379475,9.82172230197748,0.185863440489044,229.173520379475,0,0
"282",23.4166666666667,2900,34.0418410192136,1,12.2253859900408,15.026444345727,1,4.49492512946348,2.6780122631747,229.621328899835,9.80589304910328,0.447808520360638,229.621328899835,0,0
"283",23.5,2900,34.1836275686374,1,12.2508193107019,15.0412481589677,1,4.49522315776985,2.67800748522465,230.707553843243,9.81734271673373,1.08622494340744,230.707553843243,0,0
"284",23.5833333333333,2900,34.4203096250251,1,12.2931575235825,15.0658558748503,1,4.49571795208037,2.67799955346658,232.521140981298,9.85955368118577,1.81358713805506,232.521140981298,0,0
"285",23.6666666666667,2900,34.8300920603222,1,12.366117578813,15.1081571346003,1,4.49656675660725,2.67798594886562,235.664036578119,9.95763534837124,3.1428955968216,235.664036578119,0,0
"286",23.75,2900,34.8516643473657,1,12.3699465113426,15.1103734668102,1,4.49661116773783,2.67798523711861,235.830892169633,9.92972177556348,0.166855591513382,235.830892169633,0,0
"287",23.8333333333333,2900,34.8844205042337,1,12.3757582387506,15.1137368266748,1,4.49667855154199,2.67798415721796,236.08354969746,9.90560348380949,0.252657527826926,236.08354969746,0,0
"288",23.9166666666667,2900,35.0119731745623,1,12.3983631816293,15.1268108511767,1,4.49694035252761,2.67797996172273,237.063911140571,9.91207990831654,0.980361443111093,237.063911140571,0,0
"289",24,2204,26.6217086885071,1,12.401300398377,15.1285087286613,1,4.83710187389357,2.88968726419276,180.26632397886,9.8830221479638,0.128620410560558,237.192531551131,0,0
"290",24.0833333333333,2204,26.6311377918712,1,12.4034964030064,15.1297780053653,1,4.83712919797426,2.88968682493577,180.339637265507,9.85186898980394,0.0733132866470783,237.265844837778,0,0
"291",24.1666666666667,2204,26.6360048162509,1,12.4046297635473,15.1304330342866,1,4.83714329813184,2.88968659826518,180.377895891126,9.81948014331298,0.0382586256187381,237.304103463397,0,0
"292",24.25,2204,26.6370181803539,1,12.4048657277439,15.1305694064988,1,4.83714623360953,2.88968655107526,180.386537524056,9.78609258129187,0.00864163293090314,237.312745096328,0,0
"293",24.3333333333333,2204,26.6545744648926,1,12.4089530373262,15.132931393438,1,4.83719707260376,2.88968573380649,180.52219666179,9.75815359866005,0.135659137733398,237.448404234061,0,0
"294",24.4166666666667,2204,26.7080361735902,1,12.4213912684337,15.140116719094,1,4.83735168280948,2.88968324840452,180.933643828449,9.74170039866431,0.411447166658832,237.85985140072,0,0
"295",24.5,2204,26.8636163183534,1,12.4575173929086,15.1609646428079,1,4.83779989086183,2.88967604379666,182.130063849753,9.75739883355202,1.19642002130442,239.056271422025,0,0
"296",24.5833333333333,2204,27.0863469034845,1,12.5090544331085,15.1906510232757,1,4.83843712524035,2.88966580191249,183.844136875863,9.79404790975462,1.71407302610976,240.770344448134,0,0
"297",24.6666666666667,2204,27.371236916544,1,12.5746665111683,15.228351945364,1,4.83924472408015,2.88965282385299,186.039100274009,9.84994491268703,2.19496339814583,242.96530784628,0,0
"298",24.75,2204,27.6762828841395,1,12.6445432042343,15.2683896867018,1,4.84010034122283,2.88963907656876,188.392693368891,9.91187478550151,2.3535930948822,245.318900941162,0,0
"299",24.8333333333333,2204,27.8877195028104,1,12.6927511356728,15.2959438986144,1,4.84068796726025,2.88962963656926,190.026305152907,9.94439648557765,1.6336117840159,246.952512725178,0,0
"300",24.9166666666667,2204,27.9886413972845,1,12.7156970718321,15.3090397663254,1,4.84096690602801,2.88962515593084,190.807010124703,9.94247027546386,0.780704971796268,247.733217696975,0,0
"301",25,2204,28.0399726720314,1,12.727352048852,15.3156868157095,1,4.84110840141317,2.88962288316899,191.204577026279,9.92523138394202,0.397566901576084,248.130784598551,0,0
"302",25.0833333333333,2204,28.04842035938,1,12.7292691083904,15.3167798435105,1,4.841131663154,2.88962250953509,191.270582346293,9.89488863462716,0.0660053200140851,248.196789918565,0,0
"303",25.1666666666667,2204,28.050160735981,1,12.7296640215116,15.3170049958261,1,4.84113645463744,2.88962243257373,191.284703952253,9.86268522614006,0.0141216059601845,248.210911524525,0,0
"304",25.25,2204,28.0550776129531,1,12.730779655926,15.3176410340243,1,4.84114998985953,2.88962221516983,191.323370698292,9.83166646616092,0.0386667460383592,248.249578270563,0,0
"305",25.3333333333333,2204,28.0632603390421,1,12.7326360914965,15.3186993479324,1,4.84117251016562,2.88962185344814,191.387276056414,9.80184803797444,0.0639053581226676,248.313483628686,0,0
"306",25.4166666666667,2204,28.1240369437234,1,12.7464161700445,15.3265525369089,1,4.84133957615133,2.88961917008424,191.857962613771,9.78822964666396,0.470686557356373,248.784170186042,0,0
"307",25.5,2204,28.2560991386473,1,12.7763078287848,15.3435722833413,1,4.84170137441825,2.88961335931461,192.880464825066,9.79634009401324,1.0225022112952,249.806672397338,0,0
"308",25.5833333333333,2204,28.4920473391108,1,12.829540227167,15.3738300059386,1,4.84234365651844,2.88960304484853,194.708429437964,9.83588157694731,1.82796461289774,251.634637010235,0,0
"309",25.6666666666667,2204,28.8060990015987,1,12.9000528237925,15.4138084058188,1,4.84319047431495,2.88958944787233,197.144434160193,9.89885617139473,2.43600472222948,254.070641732465,0,0
"310",25.75,2204,28.9240615023548,1,12.9264390378546,15.4287389768502,1,4.84350620663385,2.88958437892391,198.060703315976,9.90240430633972,0.916269155782942,254.986910888248,0,0
"311",25.8333333333333,2204,28.9373150543441,1,12.9294002680858,15.4304135800937,1,4.84354160119266,2.88958381070044,198.164163967222,9.87446599507715,0.103460651245399,255.090371539493,0,0
"312",25.9166666666667,2204,29.0570010880096,1,12.9561109672893,15.4455096180163,1,4.84386051073551,2.88957869112591,199.09435716986,9.87860699969641,0.93019320263889,256.020564742132,0,0
"313",26,2204,29.1003101017066,1,12.9657628143171,15.4509605067301,1,4.84397559140117,2.8895768437778,199.431405442269,9.85990819286694,0.337048272408566,256.357613014541,0,0
"314",26.0833333333333,2204,29.1151845012784,1,12.9690760659287,15.4528311760763,1,4.84401507676114,2.88957620994405,199.547505678852,9.83285801601753,0.116100236583378,256.473713251124,0,0
"315",26.1666666666667,2204,29.1170263977181,1,12.969486286878,15.4530627702557,1,4.84401996485074,2.88957613147897,199.56231012918,9.80210895674337,0.0148044503274605,256.488517701451,0,0
"316",26.25,2204,29.1173163795079,1,12.9695508694598,15.4530992306218,1,4.8440207343869,2.88957611912616,199.565039469446,9.77109512539877,0.00272934026617122,256.491247041718,0,0
"317",26.3333333333333,2204,29.1173163795079,1,12.9695508694598,15.4530992306218,1,4.8440207343869,2.88957611912616,199.56550156755,9.74019148632232,0.000462098103469089,256.491709139821,0,0
"318",26.4166666666667,2204,29.1283644474094,1,12.9720111732749,15.4544881342747,1,4.84405004746636,2.88957564858565,199.651817527407,9.71273281134431,0.086315959857842,256.578025099679,0,0
"319",26.5,2204,29.2311529728089,1,12.9948789121552,15.4673909247751,1,4.84432224597407,2.88957127933024,200.451350296229,9.71236067428305,0.799532768821905,257.377557868501,0,0
"320",26.5833333333333,2204,29.4873729569141,1,13.0517066970209,15.4994035366787,1,4.84499667365978,2.88956045468904,202.445316619309,9.75692254012217,1.99396632308023,259.371524191581,0,0
"321",26.6666666666667,2204,29.7902647699339,1,13.1185684524164,15.5369747873625,1,4.84578655314137,2.88954777900053,204.805407013071,9.81493554695035,2.3600903937616,261.731614585343,0,0
"322",26.75,2204,30.0696173018541,1,13.1799333667362,15.5713686551042,1,4.84650807259094,2.88953620218222,206.984963727806,9.86583817944215,2.17955671473493,263.911171300078,0,0
"323",26.8333333333333,2204,30.2894495243819,1,13.2280234001424,15.5982633562267,1,4.84707123862023,2.88952716738282,208.702125011756,9.89919251865942,1.71716128395005,265.628332584028,0,0
"324",26.9166666666667,2204,30.3998712426469,1,13.2521131787384,15.6117164002776,1,4.84735260113335,2.8895226539244,209.565479737182,9.90061996196114,0.863354725426291,266.491687309454,0,0
"325",27,2204,30.4556408823728,1,13.2642633441414,15.6184968325551,1,4.84749432419421,2.88952038058504,210.001872290717,9.8862251801107,0.436392553534887,266.928079862989,0,0
"326",27.0833333333333,2204,30.4734639014206,1,13.268143982245,15.620661744389,1,4.84753956260564,2.8895196549429,210.141610536603,9.86096559171229,0.13973824588561,267.067818108874,0,0
"327",27.1666666666667,2204,30.4768424281335,1,13.2688794670036,15.6210720155524,1,4.84754813505119,2.88951951743825,210.168394003799,9.83170312549953,0.0267834671961111,267.094601576071,0,0
"328",27.25,2204,30.4782365610097,1,13.2691829493869,15.6212413018687,1,4.84755167215726,2.88951946070205,210.179649977084,9.80204981832499,0.0112559732854152,267.105857549356,0,0
"329",27.3333333333333,2204,30.4831697026938,1,13.2702567666146,15.6218402743594,1,4.8475641869351,2.88951925996177,210.218570682857,9.77358944835836,0.0389207057725685,267.144778255129,0,0
"330",27.4166666666667,2204,30.5034165722334,1,13.2746630760724,15.6242978354599,1,4.84761552990283,2.88951843641284,210.377242195302,9.74966990033702,0.158671512444897,267.303449767573,0,0
"331",27.5,2204,30.5757739514252,1,13.2903982132843,15.6330703997016,1,4.84779874348135,2.88951549771248,210.943541492378,9.74071814780545,0.566299297076569,267.86974906465,0,0
"332",27.5833333333333,2204,30.8410633463528,1,13.3479304745835,15.6650990271914,1,4.84846684302014,2.88950478252771,213.020467952806,9.78658642386988,2.07692646042744,269.946675525077,0,0
"333",27.6666666666667,2204,31.1366285094124,1,13.4117378742403,15.7005362306758,1,4.84920456059527,2.88949295254891,215.337200623606,9.84084607936906,2.31673267080004,272.263408195877,0,0
"334",27.75,2204,31.2614983719448,1,13.4386040802719,15.715430577359,1,4.84951416173648,2.88948798836084,216.317032150156,9.84660323324063,0.97983152654993,273.243239722427,0,0
"335",27.8333333333333,2204,31.2656084271526,1,13.439487460664,15.7159200481343,1,4.84952433146907,2.88948782530344,216.349579761299,9.81829176048755,0.0325476111427747,273.27578733357,0,0
"336",27.9166666666667,2204,31.3112892312928,1,13.4493017989049,15.721356920114,1,4.84963727347912,2.88948601446035,216.708344973234,9.80183471804795,0.35876521193515,273.634552545505,0,0
"337",28,2204,31.3261711420874,1,13.4524975717037,15.7231268392864,1,4.84967403275866,2.88948542509389,216.825426271333,9.776844065843,0.117081298098782,273.751633843604,0,0
"338",28.0833333333333,2204,31.3295730499816,1,13.4532279979516,15.7235313411806,1,4.84968243327745,2.88948529040789,216.852400739207,9.74879317429598,0.0269744678746804,273.778608311479,0,0
"339",28.1666666666667,2204,31.3341017802408,1,13.4542003035595,15.7240697752325,1,4.84969361492812,2.88948511113221,216.88821224034,9.72122200518148,0.0358115011331677,273.814419812612,0,0
"340",28.25,2204,31.3388483840705,1,13.4552193105956,15.7246340491796,1,4.84970533281224,2.88948492325955,216.925727061149,9.69387379233345,0.0375148208082123,273.85193463342,0,0
"341",28.3333333333333,2204,31.3502879851766,1,13.4576748618629,15.7259937154319,1,4.84973356644353,2.88948447059207,217.015771499821,9.66854043783854,0.0900444386719528,273.941979072092,0,0
"342",28.4166666666667,2204,31.37873642629,1,13.4637794797418,15.7293733451991,1,4.84980373499571,2.88948334559718,217.239336308319,9.64805433010876,0.223564808498509,274.165543880591,0,0
"343",28.5,2204,31.5252237598554,1,13.4951697923472,15.7467388860182,1,4.85016406024146,2.8894775688557,218.389931791733,9.66021541628087,1.15059548341418,275.316139364005,0,0
"344",28.5833333333333,2204,31.7600562525723,1,13.5453395321872,15.7744493849538,1,4.85073827074873,2.88946836401217,220.235787263803,9.6966295569472,1.84585547206953,277.161994836074,0,0
"345",28.6666666666667,2204,32.1195799137112,1,13.6217903695662,15.816572205447,1,4.85160933057889,2.88945440268118,223.065168024222,9.76714100918001,2.82938076041955,279.991375596494,0,0
"346",28.75,2204,32.3739066549601,1,13.6756135317065,15.846153078619,1,4.8522197426139,2.88944462054213,225.069300556714,9.80853941318209,2.00413253249138,281.995508128985,0,0
"347",28.8333333333333,2204,32.4960218754409,1,13.7013816405903,15.8602933854834,1,4.85251115762368,2.88943995092563,226.032449982161,9.8135950596913,0.963149425447227,282.958657554432,0,0
"348",28.9166666666667,2204,32.6132224029513,1,13.7260671834038,15.8738265142427,1,4.85278983256461,2.88943548572458,226.957296487708,9.81729697037393,0.924846505546981,283.883504059979,0,0
"349",29,2204,32.6595118788677,1,13.7358047547919,15.8791613312239,1,4.85289962652496,2.88943372657122,227.32282067694,9.80169062928317,0.365524189232588,284.249028249212,0,0
"350",29.0833333333333,2204,32.6758592470632,1,13.7392419795634,15.8810439708376,1,4.85293836424509,2.88943310591305,227.452053415934,9.77804908841966,0.129232738993181,284.378260988205,0,0
"351",29.1666666666667,2204,32.6774502658117,1,13.7395764638892,15.8812271616387,1,4.85294213340168,2.88943304552366,227.464809071089,9.75054914205806,0.0127556551549333,284.39101664336,0,0
"352",29.25,2204,32.6782814600675,1,13.7397512049464,15.8813228631101,1,4.85294410244638,2.88943301397566,227.471561637306,9.72300065673768,0.0067525662169885,284.397769209577,0,0
"353",29.3333333333333,2204,32.6862656662087,1,13.7414296026638,15.8822420485286,1,4.85296301399729,2.88943271097582,227.534771130818,9.69753336487806,0.0632094935126588,284.46097870309,0,0
"354",29.4166666666667,2204,32.7128332523523,1,13.7470130251396,15.8852994210777,1,4.85302590980175,2.8894317032714,227.744678178094,9.67719724930419,0.209907047275266,284.670885750365,0,0
"355",29.5,2204,32.8632232878961,1,13.7785762206603,15.9025705335631,1,4.85338099661838,2.88942601439062,228.932472510854,9.69012474858052,1.18779433276038,285.858680083125,0,0
"356",29.5833333333333,2204,33.141098725767,1,13.8367060705403,15.9343243047728,1,4.85403290329093,2.88941557124233,231.128920334165,9.73707474613308,2.19644782331147,288.055127906437,0,0
"357",29.6666666666667,2204,33.398836826446,1,13.8904058518075,15.963595810628,1,4.85463277653801,2.88940596291022,233.16841124205,9.77847029711195,2.03949090788444,290.094618814321,0,0
"358",29.75,2204,33.6847213959618,1,13.9497281438174,15.9958629840909,1,4.85529285366709,2.88939539168504,235.433072626179,9.82720269574624,2.26466138412928,292.359280198451,0,0
"359",29.8333333333333,2204,33.6883801573225,1,13.9504857178503,15.9962745839365,1,4.85530126558206,2.8893952569766,235.462232552066,9.80072983656996,0.0291599258866597,292.388440124337,0,0
"360",29.9166666666667,2204,33.7995428696419,1,13.9734832120032,16.0087638292636,1,4.85555641382515,2.88939117114547,236.343622178732,9.80289124515888,0.881389626665879,293.269829751003,0,0
"361",30,2204,33.8446740895718,1,13.9828092252201,16.0138254232531,1,4.85565976647449,2.8893895161646,236.701660448262,9.78759560068444,0.358038269530141,293.627868020533,0,0
"362",30.0833333333333,2204,33.8587475147245,1,13.9857161163561,16.0154027441978,1,4.85569196755232,2.88938900053771,236.813423445899,9.76419826099182,0.1117629976373,293.73963101817,0,0
"363",30.1666666666667,2204,33.8600768426078,1,13.9859906601784,16.0155517067092,1,4.85569500847581,2.88938895184444,236.824111642955,9.73757964249369,0.0106881970559982,293.750319215226,0,0
"364",30.25,2204,33.860198504622,1,13.9860157865577,16.0155653397512,1,4.85569528677966,2.88938894738805,236.825217655663,9.71079091662594,0.00110601270816346,293.751425227935,0,0
"365",30.3333333333333,2204,33.860198504622,1,13.9860157865577,16.0155653397512,1,4.85569528677966,2.88938894738805,236.825354741057,9.68411743890095,0.000137085394015912,293.751562313329,0,0
"366",30.4166666666667,2204,33.8647864119897,1,13.9869632761514,16.0160794181608,1,4.85570578097498,2.88938877934831,236.861875357662,9.65878628810739,0.0365206166043208,293.788082929933,0,0
"367",30.5,2204,34.0011809549804,1,14.0151020687629,16.0313383082643,1,4.85601712701516,2.88938379404665,237.9440737796,9.66787807711053,1.0821984219383,294.870281351871,0,0
"368",30.5833333333333,2204,34.2797783617856,1,14.0724030993107,16.0623613169814,1,4.85664927661253,2.8893736730184,240.156223908933,9.71386696941267,2.2121501293328,297.082431481204,0,0
"369",30.6666666666667,2204,34.4143553959726,1,14.099999065368,16.0772781706025,1,4.85695282902938,2.88936881347457,241.225734926699,9.72234595105337,1.06951101776588,298.15194249897,0,0
"370",30.75,2204,34.447110288631,1,14.106707517544,16.0809020673497,1,4.85702653431879,2.88936763358017,241.486220408871,9.70446920263876,0.260485482171958,298.412427981142,0,0
"371",30.8333333333333,2204,34.6003262773792,1,14.138045053262,16.0978185619912,1,4.85737038874074,2.88936212930761,242.704673603663,9.71775830840868,1.21845319479249,299.630881175934,0,0
"372",30.9166666666667,2204,34.712237508742,1,14.1608906286485,16.1101385319073,1,4.85762059952189,2.88935812429338,243.595136219499,9.72036691509769,0.890462615835986,300.52134379177,0,0
"373",31,2204,34.7571821528326,1,14.1700552684248,16.1150778224669,1,4.85772086326936,2.88935651947501,243.95292899309,9.70577859888262,0.357792773590887,300.879136565361,0,0
"374",31.0833333333333,2204,34.7673867604991,1,14.1721352592887,16.1161986012893,1,4.8577436102159,2.88935615539283,244.034257402971,9.68237420831879,0.0813284098813085,300.960464975243,0,0
"375",31.1666666666667,2204,34.7673919295344,1,14.1721363128085,16.1161991689442,1,4.85774362173646,2.88935615520844,244.034404368312,9.65649022269251,0.000146965340661609,300.960611940583,0,0
"376",31.25,2204,34.7680033335505,1,14.1722609247291,16.1162663118739,1,4.85774498439968,2.88935613339803,244.039373512452,9.63089859471116,0.00496914414046046,300.965581084724,0,0
"377",31.3333333333333,2204,34.7874305701753,1,14.176219872465,16.1183992956233,1,4.85778827046873,2.88935544057663,244.194106160862,9.61022277871701,0.154732648409293,301.120313733133,0,0
"378",31.4166666666667,2204,34.8041113599848,1,14.179618258026,16.1202300122598,1,4.85782541816837,2.88935484600883,244.326984730702,9.58896102821137,0.132878569840756,301.253192302974,0,0
"379",31.5,2204,34.9204080752566,1,14.2032888490097,16.1329750045521,1,4.85808392218972,2.88935070864997,245.253054621168,9.59299245058539,0.92606989046601,302.17926219344,0,0
"380",31.5833333333333,2204,35.1608695568608,1,14.2521067855843,16.1592248741056,1,4.85861574323506,2.88934219756097,247.169054232356,9.62834602019927,1.91599961118729,304.095261804627,0,0
"381",31.6666666666667,2204,35.4906558185353,1,14.3187885737516,16.1950039770875,1,4.85933932995155,2.88933061905348,249.799612875299,9.6860785404496,2.63055864294373,306.725820447571,0,0
"382",31.75,2204,35.5603475302072,1,14.3328403214122,16.2025324594172,1,4.85949139401846,2.88932818601817,250.356002584774,9.67817984746601,0.556389709474985,307.282210157046,0,0
"383",31.8333333333333,2204,35.5684621195688,1,14.3344755483918,16.2034083100399,1,4.85950908060974,2.8893279030366,250.4208714834,9.65488206457607,0.0648688986259742,307.347079055672,0,0
"384",31.9166666666667,2204,35.6762150068125,1,14.3561719192236,16.2150242195244,1,4.85974356353529,2.88932415146125,251.281386979806,9.65663481625307,0.86051549640564,308.207594552077,0,0
"385",32,2204,35.7188550903101,1,14.3647485797391,16.2196134865003,1,4.85983616095573,2.88932267001353,251.6220558667,9.64213323246785,0.34066888689398,308.548263438971,0,0
"386",32.0833333333333,2204,35.7321363196241,1,14.3674189311308,16.2210420647826,1,4.85986498032428,2.8893222089441,251.728230133718,9.62039805836849,0.106174267017877,308.654437705989,0,0
"387",32.1666666666667,2204,35.7339361227455,1,14.3677807650777,16.2212356271048,1,4.85986888496417,2.88932214647556,251.74268515451,9.59592412622119,0.014455020792326,308.668892726781,0,0
"388",32.25,2204,35.7339361227455,1,14.3677807650777,16.2212356271048,1,4.85986888496417,2.88932214647556,251.742760148893,9.5711307820516,7.49943826860999e-05,308.668967721164,0,0
"389",32.3333333333333,2204,35.7344368017648,1,14.3678814203925,16.2212894720015,1,4.85986997114373,2.88932212909828,251.746832731781,9.54658887538307,0.00407258288848311,308.673040304053,0,0
"390",32.4166666666667,2204,35.7795530686764,1,14.3769485942046,16.2261390828314,1,4.85996778553358,2.88932056422796,252.10735014606,9.53316887562977,0.360517414279059,309.033557718332,0,0
"391",32.5,2204,35.9495448325698,1,14.4110611899069,16.244369926898,1,4.860335249414,2.88931468569564,253.466078058904,9.55053186557462,1.35872791284336,310.392285631175,0,0
"392",32.5833333333333,2204,36.0994395292368,1,14.4410740122414,16.2603909546374,1,4.86065785448826,2.88930952517181,254.664893215844,9.56289823390633,1.19881515693979,311.591100788115,0,0
"393",32.6666666666667,2204,36.1269431265572,1,14.4465741788216,16.2633250769754,1,4.86071690489198,2.88930858061528,254.884985026733,9.54524058976543,0.220091810889414,311.811192599004,0,0
"394",32.75,2204,36.2432820011277,1,14.4698164895541,16.2757174494435,1,4.8609661968663,2.88930459312868,255.815996998549,9.5493802922388,0.931011971816446,312.742204570821,0,0
"395",32.8333333333333,2204,36.2958259392158,1,14.4803015468734,16.28130446079,1,4.86107853045354,2.88930279639389,256.236649274054,9.53795503085254,0.420652275504608,313.162856846325,0,0
"396",32.9166666666667,2204,36.3192737994668,1,14.4849780800529,16.2837956867002,1,4.86112860795957,2.88930199543617,256.424425549905,9.51951290497752,0.187776275851377,313.350633122177,0,0
"397",33,2204,36.3630032641671,1,14.4936956247881,16.2884384616739,1,4.86122191587599,2.88930050305826,256.774611297775,9.50608542030442,0.350185747869148,313.700818870046,0,0
"398",33.0833333333333,2204,36.3710535065429,1,14.4952998831723,16.2892926947487,1,4.86123908107665,2.8893002285192,256.839130299711,9.48409081728914,0.0645190019366169,313.765337871982,0,0
"399",33.1666666666667,2204,36.3710535065429,1,14.4952998831723,16.2892926947487,1,4.86123908107665,2.8893002285192,256.839185987471,9.46026312240428,5.56877596409322e-05,313.765393559742,0,0
"400",33.25,2204,36.3710535065429,1,14.4952998831723,16.2892926947487,1,4.86123908107665,2.8893002285192,256.839240089908,9.43655481690765,5.41024372751053e-05,313.765447662179,0,0
"401",33.3333333333333,2204,36.389478422855,1,14.4989709463708,16.2912472697772,1,4.86127835370128,2.88929960039924,256.986836038218,9.41739130831466,0.147595948309515,313.913043610489,0,0
"402",33.4166666666667,2204,36.4293372759653,1,14.506909424912,16.295473043925,1,4.86136324575404,2.8892982426674,257.30610389356,9.40346069224432,0.319267855342275,314.232311465831,0,0
"403",33.5,2204,36.5457343672079,1,14.5300667966297,16.3077931218707,1,4.86161062804813,2.88929428626605,258.238608368569,9.4079049534579,0.932504475008727,315.16481594084,0,0
"404",33.5833333333333,2204,36.7444518500855,1,14.569516871364,16.3287573997711,1,4.86203118207599,2.88928756079218,259.831497835623,9.43199122802661,1.59288946705402,316.757705407894,0,0
"405",33.6666666666667,2204,37.0658087374542,1,14.6330886757435,16.3624775259653,1,4.86270656961525,2.8892767612866,262.409856156512,9.48522961570642,2.57835832088898,319.336063728783,0,0
"406",33.75,2204,37.259278977716,1,14.6712287109835,16.3826709996152,1,4.86311040776375,2.88927030461526,263.963599842552,9.50784614562439,1.55374368604026,320.889807414823,0,0
"407",33.8333333333333,2204,37.262339531506,1,14.6718312610572,16.3829898016394,1,4.86311677958635,2.88927020274528,263.988232292892,9.48515585808365,0.0246324503405617,320.914439865164,0,0
"408",33.9166666666667,2204,37.2647800087837,1,14.6723117151162,16.3832439991887,1,4.86312186009134,2.88927012152044,264.007882253252,9.46243016684588,0.0196499603591178,320.934089825523,0,0
"409",34,2204,37.2855347018679,1,14.676397032909,16.385405272975,1,4.86316505329831,2.88926943097027,264.174667064791,9.4441433716783,0.166784811539571,321.100874637062,0,0
"410",34.0833333333333,2204,37.2994263322496,1,14.6791308021584,16.3868513542579,1,4.86319395036638,2.88926896898272,264.286320221811,9.42432844383616,0.111653157020214,321.212527794083,0,0
"411",34.1666666666667,2204,37.3009604871129,1,14.6794326811758,16.3870110304431,1,4.86319714103263,2.8892689179726,264.298687158965,9.40170423603619,0.0123669371539563,321.224894731236,0,0
"412",34.25,2204,37.3009604871129,1,14.6794326811758,16.3870110304431,1,4.86319714103263,2.8892689179726,264.298726526173,9.3788301926553,3.93672077052543e-05,321.224934098444,0,0
"413",34.3333333333333,2204,37.3069274813706,1,14.6806067606988,16.3876320327971,1,4.86320954969099,2.88926871959203,264.346708224216,9.35746356688799,0.0479816980434862,321.272915796488,0,0
"414",34.4166666666667,2204,37.3357272680121,1,14.6862721532372,16.3906282446239,1,4.86326941281743,2.8892677625514,264.578159644384,9.34153125084712,0.231451420167502,321.504367216655,0,0
"415",34.5,2204,37.4529885588002,1,14.7093168518294,16.4028094503176,1,4.86351268343916,2.88926387347254,265.520669553311,9.34628629349514,0.942509908927263,322.446877125582,0,0
"416",34.5833333333333,2204,37.6758141617888,1,14.7530083161596,16.425876801577,1,4.86397289976383,2.88925651670811,267.312728000266,9.37558367920589,1.79205844695446,324.238935572537,0,0
"417",34.6666666666667,2204,37.9686223611441,1,14.8102259399093,16.4560311326711,1,4.86457360013117,2.88924691531856,269.669762992256,9.42103761243828,2.35703499199013,326.595970564527,0,0
"418",34.75,2204,38.2384813400472,1,14.862764007111,16.4836653471445,1,4.86512319676766,2.8892381318201,271.844222141928,9.46101956012083,2.17445914967197,328.770429714199,0,0
"419",34.8333333333333,2204,38.3266751391433,1,14.8798939849904,16.4926643372677,1,4.86530198561088,2.88923527468688,272.555335308371,9.45880027408542,0.711113166443056,329.481542880642,0,0
"420",34.9166666666667,2204,38.4417400999377,1,14.9022135740601,16.5043814412939,1,4.86553464069794,2.88923155690615,273.483431331381,9.46280588745544,0.928096023010426,330.409638903652,0,0
"421",35,1564.84,27.3281327123042,1,14.9116282766102,16.509321104076,1,5.32912893552349,3.17701825823572,194.451577674019,9.4514762595707,0.392030181322014,330.801669084974,0,0
"422",35.0833333333333,1564.84,27.3370875771132,1,14.9140711928461,16.5106025739502,1,5.32915678626879,3.17701781144112,194.523853727472,9.43108632223547,0.0722760534531801,330.873945138428,0,0
"423",35.1666666666667,1564.84,27.3386466976835,1,14.9144964851086,16.5108256563622,1,5.3291616344104,3.17701773366522,194.53645525866,9.40909611382793,0.012601531187812,330.886546669615,0,0
"424",35.25,1564.84,27.3386466976835,1,14.9144964851086,16.5108256563622,1,5.3291616344104,3.17701773366522,194.536475747857,9.38685296904433,2.04891971407051e-05,330.886567158813,0,0
"425",35.3333333333333,1564.84,27.3386770724594,1,14.914504770529,16.5108300023558,1,5.32916172885916,3.17701773215004,194.536740746873,9.3647216648442,0.000264999015939793,330.886832157829,0,0
"426",35.4166666666667,1564.84,27.3833734421051,1,14.9266917532938,16.5172211275918,1,5.3293005981017,3.17701550438302,194.89745321438,9.35287184824477,0.360712467507028,331.247544625336,0,0
"427",35.5,1564.84,27.4717607655945,1,14.950762334395,16.5298362146148,1,5.32957455735918,3.17701110965087,195.610976894466,9.3510160086034,0.713523680085302,331.961068305421,0,0
"428",35.5833333333333,1564.84,27.6011558188221,1,14.9859308491032,16.5482483901133,1,5.32997406099743,3.17700470140759,196.656088735052,9.35848749824843,1.04511184058583,333.006180146007,0,0
"429",35.6666666666667,1564.84,27.8480206039205,1,15.0527987608962,16.5831939090814,1,5.3307311629648,3.17699255845668,198.651794556513,9.39257624207854,1.9957058214612,335.001885967468,0,0
"430",35.75,1564.84,28.0577899061598,1,15.1093861056248,16.6127029923081,1,5.33136932552689,3.17698232451775,200.349479553381,9.41816981718423,1.69768499686833,336.699570964336,0,0
"431",35.8333333333333,1564.84,28.2101209692787,1,15.1503464469962,16.6340266654361,1,5.33182981296884,3.17697494065974,201.583382171376,9.43070158834413,1.23390261799503,337.933473582331,0,0
"432",35.9166666666667,1564.84,28.3032219130797,1,15.1753259517765,16.6470159365337,1,5.33211004817451,3.17697044744411,202.33795887992,9.42982970647448,0.754576708543993,338.688050290875,0,0
"433",36,1564.84,28.3481005423617,1,15.187352463633,16.6532656761618,1,5.33224480964411,3.17696828680144,202.701824249752,9.41810876835297,0.363865369831586,339.051915660707,0,0
"434",36.0833333333333,1564.84,28.3610403027722,1,15.1908182739972,16.6550662480251,1,5.33228362614289,3.17696766446345,202.806762384207,9.39926615598601,0.104938134455097,339.156853795162,0,0
"435",36.1666666666667,1564.84,28.3636776313034,1,15.1915245641523,16.6554331562381,1,5.33229153542335,3.17696753765594,202.82816351657,9.37820059707443,0.0214011323633372,339.178254927525,0,0
"436",36.25,1564.84,28.3666444529669,1,15.1923190550191,16.6558458728046,1,5.33230043198033,3.17696739501991,202.852236324029,9.35730559268922,0.0240728074589924,339.202327734984,0,0
"437",36.3333333333333,1564.84,28.3751270965088,1,15.1945904092237,16.6570257173833,1,5.33232586368665,3.17696698728175,202.921037893121,9.33773750378191,0.0688015690918178,339.271129304076,0,0
"438",36.4166666666667,1564.84,28.400801163278,1,15.2014629551019,16.660595064892,1,5.33240279121709,3.17696575394018,203.129263398099,9.32208754624404,0.208225504977833,339.479354809054,0,0
"439",36.5,1564.84,28.5127291495939,1,15.2313880977794,16.676127193977,1,5.33273736493321,3.17696039009553,204.037283889529,9.32568151508175,0.908020491429937,340.387375300484,0,0
"440",36.5833333333333,1564.84,28.6949691010204,1,15.27998650063,16.7013171833981,1,5.33327935880226,3.17695170164982,205.516725305096,9.34487881683966,1.47944141556715,341.866816716051,0,0
"441",36.6666666666667,1564.84,28.9552367343467,1,15.3491259522005,16.7370816671341,1,5.33404756779023,3.17693938841047,207.631778433982,9.38132372304373,2.11505312888588,343.981869844937,0,0
"442",36.75,1564.84,29.2166294838215,1,15.4182522386588,16.7727546978076,1,5.3348122887631,3.17692713288733,209.758539245805,9.41792192263293,2.12676081182346,346.10863065676,0,0
"443",36.8333333333333,1564.84,29.2518394853026,1,15.4275399838953,16.77754127567,1,5.33491478294487,3.17692549043863,210.04522352998,9.40439769070412,0.286684284174726,346.395314940935,0,0
"444",36.9166666666667,1564.84,29.2552745307142,1,15.4284457858154,16.7780080130248,1,5.3349247756535,3.17692533030921,210.073205752106,9.38392678545538,0.0279822221262407,346.423297163061,0,0
"445",37,1564.84,29.2783568004825,1,15.4345310701993,16.781143236016,1,5.33499189313054,3.17692425478473,210.26117627322,9.36787209957231,0.187970521114153,346.611267684175,0,0
"446",37.0833333333333,1564.84,29.2840896456167,1,15.4360420744879,16.7819216255957,1,5.3350085547406,3.17692398779279,210.307873526963,9.34807995338205,0.0466972537424795,346.657964937918,0,0
"447",37.1666666666667,1564.84,29.2883189345104,1,15.4371566921039,16.7824957920086,1,5.33502084444434,3.17692379085849,210.342326999853,9.32804713212936,0.0344534728897941,346.692418410808,0,0
"448",37.25,1564.84,29.2883189345104,1,15.4371566921039,16.7824957920086,1,5.33502084444434,3.17692379085849,210.342338076793,9.30717931510733,1.1076940353405e-05,346.692429487748,0,0
"449",37.3333333333333,1564.84,29.2922135452517,1,15.4381830350269,16.7830244667079,1,5.3350321600772,3.17692360953343,210.37406598462,9.2872542159529,0.0317279078269905,346.724157395575,0,0
"450",37.4166666666667,1564.84,29.3236446838119,1,15.4464635559089,16.7872891307416,1,5.33512342781941,3.17692214704648,210.630067767103,9.27341182658506,0.25600178248277,346.980159178058,0,0
"451",37.5,1564.84,29.4300490765941,1,15.4744628601801,16.8017005307311,1,5.33543168513957,3.1769172076784,211.496962612783,9.27592144063302,0.866894845680264,347.847054023738,0,0
"452",37.5833333333333,1564.84,29.6426243941185,1,15.5302488724868,16.8303730613505,1,5.33604425285196,3.17690739305566,213.230096070624,9.30146840305754,1.73313345784092,349.580187481579,0,0
"453",37.6666666666667,1564.84,29.8661358179912,1,15.5886895351601,16.8603519485694,1,5.33668368995406,3.17689714916299,215.054187513553,9.3293171395887,1.8240914429287,351.404278924508,0,0
"454",37.75,1564.84,30.0833305771741,1,15.6452694755225,16.8893200325302,1,5.33730056045908,3.17688726798553,216.828481166337,9.35572377688192,1.77429365278468,353.178572577292,0,0
"455",37.8333333333333,1564.84,30.2353734029431,1,15.6847556780431,16.9095037327275,1,5.33772978594105,3.17688039324226,218.071564646951,9.36797328787417,1.24308348061351,354.421656057906,0,0
"456",37.9166666666667,1564.84,30.3184506485072,1,15.7062892708241,16.92049954236,1,5.33796342120812,3.17687665143257,218.751152161678,9.36530752279471,0.679587514726876,355.101243572633,0,0
"457",38,1564.84,30.3620137623945,1,15.7175690237671,16.9262562150659,1,5.33808568058695,3.17687469344192,219.107610501956,9.35415005033977,0.356458340278351,355.457701912911,0,0
"458",38.0833333333333,1564.84,30.3693032170872,1,15.7194556843856,16.9272188685806,1,5.33810612149759,3.17687436608411,219.167270847601,9.33524802429468,0.059660345644744,355.517362258556,0,0
"459",38.1666666666667,1564.84,30.3740438038075,1,15.7206825241073,16.9278448211324,1,5.3381194123442,3.17687415323409,219.206073861456,9.31588205953916,0.038803013855329,355.556165272411,0,0
"460",38.25,1564.84,30.3777845708019,1,15.7216505479927,16.9283387037104,1,5.33812989862639,3.17687398529894,219.236695181879,9.29638657759042,0.0306213204225685,355.586786592834,0,0
"461",38.3333333333333,1564.84,30.3867221745683,1,15.7239631516162,16.9295185216442,1,5.33815494776546,3.1768735841447,219.309847452991,9.27808536166817,0.0731522711127468,355.659938863946,0,0
"462",38.4166666666667,1564.84,30.4264067809009,1,15.7342274322378,16.9347539345107,1,5.3382660830611,3.17687180437053,219.634664304312,9.26641446547334,0.324816851320918,355.984755715267,0,0
"463",38.5,1564.84,30.5442883912551,1,15.7646776765573,16.9502748625031,1,5.33859536703139,3.17686653128175,220.599839436423,9.27142677525658,0.965175132110801,356.949930847378,0,0
"464",38.5833333333333,1564.84,30.7552915099404,1,15.8190359758436,16.9779429055724,1,5.33918166105454,3.1768571433112,222.328701331466,9.29621061103466,1.72886189504263,358.678792742421,0,0
"465",38.6666666666667,1564.84,30.9681143382498,1,15.8736745058807,17.0057032165279,1,5.3397690153617,3.17684773942441,224.074083065223,9.32131485714254,1.7453817337574,360.424174476178,0,0
"466",38.75,1564.84,31.2159429721609,1,15.9370640910586,17.0378467665905,1,5.34044799434587,3.17683686989644,226.10857485492,9.35377203266774,2.03449178969663,362.458666265875,0,0
"467",38.8333333333333,1564.84,31.3752434881877,1,15.9776771811279,17.0584054798838,1,5.34088163678859,3.17682992861465,227.417461840815,9.36740480476661,1.30888698589538,363.76755325177,0,0
"468",38.9166666666667,1564.84,31.4607491967712,1,15.9994340333854,17.0694076851788,1,5.34111350478121,3.17682621735868,228.120386994231,9.36540843867715,0.702925153415549,364.470478405186,0,0
"469",39,1564.84,31.5025249928848,1,16.0100530964219,17.0747747718746,1,5.34122656385476,3.17682440780642,228.463913759458,9.35420526077982,0.343526765227409,364.814005170413,0,0
"470",39.0833333333333,1564.84,31.5148294842569,1,16.0131794541979,17.0763545386457,1,5.34125983573785,3.17682387528513,228.565110970348,9.33684952787982,0.101197210889808,364.915202381303,0,0
"471",39.1666666666667,1564.84,31.5150433187512,1,16.0132337804369,17.0763819885757,1,5.34126041384266,3.17682386603251,228.566875764117,9.31702894915078,0.00176479376926864,364.916967175072,0,0
"472",39.25,1564.84,31.5150433187512,1,16.0132337804369,17.0763819885757,1,5.34126041384266,3.17682386603251,228.566881782448,9.29724772467268,6.01833053792689e-06,364.916973193403,0,0
"473",39.3333333333333,1564.84,31.5150433187512,1,16.0132337804369,17.0763819885757,1,5.34126041384266,3.17682386603251,228.566887629448,9.27755031458652,5.84700038075425e-06,364.916979040403,0,0
"474",39.4166666666667,1564.84,31.5407813919882,1,16.0197713831963,17.0796849469598,1,5.34132996893802,3.17682275280429,228.778577831538,9.26330661925987,0.211690202090153,365.128669242493,0,0
"475",39.5,1564.84,31.6446081547389,1,16.0461168694176,17.0929881545445,1,5.34160998655305,3.17681827127732,229.632748379551,9.26538834912675,0.854170548013144,365.982839790506,0,0
"476",39.5833333333333,1564.84,31.8816792243799,1,16.1061108488384,17.12323941773,1,5.34224598587527,3.17680809335631,231.58450274803,9.29518974717436,1.95175436847856,367.934594158985,0,0
"477",39.6666666666667,1564.84,32.1040718974126,1,16.1621878249087,17.1514620121266,1,5.34283839049273,3.17679861420221,233.417181689533,9.32186402774341,1.83267894150356,369.767273100489,0,0
"478",39.75,1564.84,32.3574674306005,1,16.22584605355,17.1834377502924,1,5.34350847768059,3.1767878933386,235.507419236885,9.35490592824756,2.0902375473519,371.85751064784,0,0
"479",39.8333333333333,1564.84,32.5105796617858,1,16.2641902700372,17.2026663295833,1,5.34391087422905,3.17678145597638,236.771494806065,9.36706911005071,1.26407556917971,373.12158621702,0,0
"480",39.9166666666667,1564.84,32.5929927294241,1,16.2847917703432,17.2129875702664,1,5.344126693883,3.17677800359398,237.452219536047,9.36456728886019,0.680724729982302,373.802310947002,0,0
"481",40,1564.84,32.6263742886653,1,16.2931290320659,17.2171625405826,1,5.34421395924451,3.17677660768485,237.728016765477,9.3519527044108,0.275797229429429,374.078108176432,0,0
"482",40.0833333333333,1564.84,32.6346508651991,1,16.2951955010078,17.2181971724978,1,5.34423558210198,3.17677626180616,237.796406884601,9.33421617369371,0.0683901191244161,374.146498295556,0,0
"483",40.1666666666667,1564.84,32.6376859519704,1,16.29595322602,17.2185765301148,1,5.34424351002439,3.17677613499168,237.821489508169,9.31547504362965,0.0250826235681245,374.171580919124,0,0
"484",40.25,1564.84,32.6376859519704,1,16.29595322602,17.2185765301148,1,5.34424351002439,3.17677613499168,237.821493936079,9.29618845582693,4.42790943111504e-06,374.171585347034,0,0
"485",40.3333333333333,1564.84,32.6417695057116,1,16.2969726506123,17.219086893878,1,5.34425417549317,3.1767759643879,237.855239985462,9.27781813379545,0.0337460493827848,374.205331396417,0,0
"486",40.4166666666667,1564.84,32.6651140757417,1,16.3027992008894,17.222003570169,1,5.34431512189117,3.17677498950206,238.048147448651,9.2634615800315,0.192907463189897,374.398238859606,0,0
"487",40.5,1564.84,32.7938993196789,1,16.3349052362304,17.2380654999554,1,5.34465057700856,3.17676962383653,239.112674825728,9.27068558609094,1.06452737707681,375.462766236683,0,0
"488",40.5833333333333,1564.84,33.0169894176666,1,16.3903725497824,17.2657754634103,1,5.34522861785346,3.17676037877958,240.958039142882,9.29712026005347,1.84536431715355,377.308130553837,0,0
"489",40.6666666666667,1564.84,33.2701434692838,1,16.4530882317028,17.2970471456037,1,5.34587991927374,3.17674996323927,243.054110293743,9.32961151732864,2.09607115086118,379.404201704698,0,0
"490",40.75,1564.84,33.4702832629712,1,16.5025016090431,17.3216417994698,1,5.34639138586172,3.17674178483556,244.71274706495,9.3512353000222,1.65863677120683,381.062838475905,0,0
"491",40.8333333333333,1564.84,33.6449138222137,1,16.5454963433426,17.3430101768672,1,5.34683520972852,3.17673468869704,246.161065247982,9.36762016307602,1.44831818303248,382.511156658937,0,0
"492",40.9166666666667,1564.84,33.7052892859099,1,16.5603350537768,17.3503782308401,1,5.34698812688697,3.17673224390026,246.662032864193,9.36078511466756,0.500967616210545,383.012124275148,0,0
"493",41,1564.84,33.7571674105577,1,16.5730747278188,17.3567012524801,1,5.34711930708209,3.1767301466852,247.092589955835,9.35226052114121,0.430557091641901,383.44268136679,0,0
"494",41.0833333333333,1564.84,33.7670476004136,1,16.5754998890174,17.3579046313705,1,5.34714426786257,3.17672974763609,247.174602387546,9.33528666446656,0.0820124317114619,383.524693798501,0,0
"495",41.1666666666667,1564.84,33.7684094751225,1,16.5758341427956,17.3580704827471,1,5.34714770786601,3.17672969264075,247.185910019308,9.31666400235456,0.0113076317614116,383.536001430263,0,0
"496",41.25,1564.84,33.7688265846976,1,16.5759365153665,17.3581212780268,1,5.34714876142928,3.17672967579744,247.18937551652,9.29792647096908,0.00346549721197675,383.539466927475,0,0
"497",41.3333333333333,1564.84,33.7745532788946,1,16.5773419727796,17.3588186219862,1,5.34716322500198,3.17672944456874,247.236914024983,9.28033077667591,0.0475385084630204,383.587005435938,0,0
"498",41.4166666666667,1564.84,33.8261659630621,1,16.5900034946906,17.3650994706988,1,5.34729347132385,3.1767273623536,247.665385187975,9.27200345912909,0.428471162992281,384.01547659893,0,0
"499",41.5,1564.84,33.9330323025726,1,16.6161890646607,17.3780810337952,1,5.34756253155117,3.17672306112045,248.552828548106,9.27476915564002,0.887443360130789,384.902919959061,0,0
"500",41.5833333333333,1564.84,34.1637356982115,1,16.672578332003,17.4059996562626,1,5.34814054775616,3.17671382162678,250.469915982411,9.30228474693466,1.91708743430561,386.820007393366,0,0
"501",41.6666666666667,1564.84,34.4241290911398,1,16.735996281156,17.4373389214203,1,5.34878835440473,3.17670346776297,252.635803085925,9.33566146792513,2.16588710351405,388.98589449688,0,0
"502",41.75,1564.84,34.6214173459609,1,16.7838856298795,17.460963026876,1,5.34927596538264,3.17669567514858,254.278260848558,9.35636771879074,1.64245776263309,390.628352259513,0,0
"503",41.8333333333333,1564.84,34.8193610530132,1,16.8317971491248,17.4845626032644,1,5.34976245611379,3.176687901164,255.927435739404,9.37715204343488,1.64917489084579,392.277527150359,0,0
"504",41.9166666666667,1564.84,34.9098546494045,1,16.8536554118425,17.4953174943204,1,5.34998395845697,3.17668436185958,256.681806553471,9.37650651207379,0.75437081406713,393.031897964426,0,0
"505",42,1564.84,34.9469784129405,1,16.8626142699562,17.4997233883707,1,5.35007466337406,3.17668291256252,256.991354217488,9.36527251496293,0.309547664016748,393.341445628443,0,0
"506",42.0833333333333,1564.84,34.954916730243,1,16.8645293594409,17.5006650541124,1,5.35009404684999,3.17668260285364,257.057553682601,9.34830047747064,0.0661994651132431,393.407645093556,0,0
"507",42.1666666666667,1564.84,34.9574407371525,1,16.8651382211439,17.5009644247876,1,5.35010020896476,3.17668250439571,257.078604039733,9.33032479329693,0.0210503571311165,393.428695450687,0,0
"508",42.25,1564.84,34.9607800911694,1,16.8659437338039,17.5013604778604,1,5.35010836099657,3.17668237414317,257.106453884274,9.31258095373322,0.0278498445412652,393.456545295229,0,0
"509",42.3333333333333,1564.84,34.9661763302349,1,16.8672453230778,17.5020004199915,1,5.35012153267725,3.1766821636875,257.151457134958,9.29531217037588,0.0450032506838625,393.501548545912,0,0
"510",42.4166666666667,1564.84,35.0043105952136,1,16.8764405624638,17.5065206308014,1,5.35021455763336,3.17668067736008,257.469499468988,9.28454831151142,0.318042334030451,393.819590879943,0,0
"511",42.5,1564.84,35.1248575143011,1,16.9054749068643,17.5207848814997,1,5.35050796599514,3.17667598953503,258.475168997076,9.29000612724779,1.00566952808828,394.825260408031,0,0
"512",42.5833333333333,1564.84,35.3154228937407,1,16.9512721098976,17.5432583612047,1,5.35096978230642,3.17666861156812,260.065912971635,9.30918209900406,1.59074397455845,396.41600438259,0,0
"513",42.6666666666667,1564.84,35.5957336154767,1,17.0184131965234,17.5761479802581,1,5.35164465026774,3.17665783106877,262.407893677797,9.34589027551762,2.34198070616208,398.757985088752,0,0
"514",42.75,1564.84,35.868960485943,1,17.0836035781977,17.6080167657141,1,5.35229744894177,3.17664740443764,264.693068181924,9.38112654018431,2.2851745041275,401.043159592879,0,0
"515",42.8333333333333,1564.84,35.9422460124137,1,17.1010468219213,17.6165331644101,1,5.35247171185668,3.17664462129631,265.306401720048,9.37719439216349,0.613333538123584,401.656493131003,0,0
"516",42.9166666666667,1564.84,36.0598584046778,1,17.1290035103052,17.6301730647853,1,5.35275064845533,3.17664016661225,266.291059810191,9.38192973719174,0.98465809014283,402.641151221146,0,0
"517",43,1564.84,36.1062759320146,1,17.1400244948943,17.6355469176547,1,5.35286048873041,3.17663841250226,266.679789794799,9.37278793501754,0.388729984608631,403.029881205754,0,0
"518",43.0833333333333,1564.84,36.1182940913478,1,17.1428768301401,17.6369374255097,1,5.35288890529662,3.17663795870586,266.780449806882,9.35699515399235,0.100660012082642,403.130541217837,0,0
"519",43.1666666666667,1564.84,36.1192594739257,1,17.143105929056,17.6370491055015,1,5.35289118751014,3.17663792226032,266.788537375712,9.33911881359073,0.00808756882946682,403.138628786666,0,0
"520",43.25,1564.84,36.1202856888388,1,17.1433494609869,17.6371678203659,1,5.35289361346857,3.17663788351927,266.797134438726,9.32132314103308,0.00859706301429242,403.147225849681,0,0
"521",43.3333333333333,1564.84,36.125326942113,1,17.1445457548374,17.6377509665836,1,5.35290552993953,3.17663769322092,266.839360834857,9.30437197490336,0.0422263961316389,403.189452245812,0,0
"522",43.4166666666667,1564.84,36.1595855752658,1,17.1526731486852,17.641712184834,1,5.35298646688129,3.17663640072167,267.126327948544,9.29312290271399,0.286967113686842,403.476419359499,0,0
